player_id,"last_name, first_name",full_name,Team,pa,ab,hit,single,double,triple,home_run,strikeout,walk,b_hit_by_pitch,b_rbi,k_percent,bb_percent,batting_avg,on_base_percent,slg_percent,babip,isolated_power,xba,xslg,xwoba,xobp
691718,"Crow-Armstrong, Pete",Pete Crow-Armstrong,CHC,716,617,173,89,31,8,45,185,82,12,107,25.8,11.5,0.28,0.373,0.575,0.327,0.29499999999999993,0.264,0.513,0.376,0.373
671056,"Herrera, Iván",Iván Herrera,STL,705,594,145,100,26,1,18,133,75,31,68,18.9,10.6,0.244,0.356,0.382,0.283,0.138,0.249,0.386,0.336,0.356
683737,"Busch, Michael",Michael Busch,CHC,699,590,141,92,27,2,20,163,91,13,77,23.3,13.0,0.239,0.351,0.393,0.294,0.15400000000000003,0.233,0.403,0.333,0.351
683002,"Henderson, Gunnar",Gunnar Henderson,BAL,697,618,139,82,27,6,24,154,67,10,59,22.1,9.6,0.225,0.31,0.405,0.26,0.18000000000000002,0.246,0.401,0.322,0.31
665487,"Jr., Fernando Tatis",Fernando Tatis Jr.,SD,696,619,179,120,31,3,25,130,63,7,82,18.7,9.1,0.289,0.358,0.47,0.328,0.181,0.297,0.503,0.38,0.358
678246,"Vargas, Miguel",Miguel Vargas,CWS,695,583,147,82,31,1,33,125,98,7,92,18.0,14.1,0.252,0.363,0.479,0.265,0.22699999999999998,0.265,0.501,0.38,0.363
805808,"McGonigle, Kevin",Kevin McGonigle,DET,694,593,165,115,28,5,17,96,94,3,70,13.8,13.5,0.278,0.378,0.428,0.306,0.14999999999999997,0.266,0.447,0.357,0.378
608324,"Bregman, Alex",Alex Bregman,CHC,693,600,157,97,32,2,26,101,75,12,89,14.6,10.8,0.262,0.352,0.452,0.273,0.19,0.25,0.383,0.323,0.352
691406,"Caminero, Junior",Junior Caminero,TB,692,607,167,100,25,1,41,126,78,4,99,18.2,11.3,0.275,0.36,0.522,0.284,0.247,0.27,0.489,0.36,0.36
624413,"Alonso, Pete",Pete Alonso,BAL,690,594,157,92,24,0,41,167,79,12,110,24.2,11.4,0.264,0.359,0.512,0.297,0.248,0.283,0.557,0.399,0.359
687263,"Neto, Zach",Zach Neto,LAA,689,608,145,85,29,5,26,211,66,14,75,30.6,9.6,0.238,0.327,0.431,0.32,0.193,0.214,0.407,0.313,0.327
668804,"Reynolds, Bryan",Bryan Reynolds,PIT,689,587,153,94,40,2,17,159,87,11,71,23.1,12.6,0.261,0.365,0.422,0.329,0.16099999999999998,0.254,0.445,0.354,0.365
621566,"Olson, Matt",Matt Olson,ATL,688,617,156,81,34,0,41,169,63,3,91,24.6,9.2,0.253,0.323,0.507,0.279,0.254,0.249,0.507,0.354,0.323
656941,"Schwarber, Kyle",Kyle Schwarber,PHI,687,570,133,68,19,1,45,218,102,8,95,31.7,14.8,0.233,0.354,0.507,0.281,0.274,0.234,0.489,0.364,0.354
701398,"Stewart, Sal",Sal Stewart,CIN,686,609,162,105,25,0,32,151,63,4,110,22.0,9.2,0.266,0.334,0.465,0.298,0.199,0.258,0.472,0.346,0.334
607208,"Turner, Trea",Trea Turner,PHI,686,631,151,103,28,1,19,144,48,4,58,21.0,7.0,0.239,0.296,0.377,0.28,0.138,0.242,0.364,0.294,0.296
666182,"Bichette, Bo",Bo Bichette,NYM,681,625,162,119,24,2,17,124,47,2,76,18.2,6.9,0.259,0.31,0.386,0.295,0.127,0.28,0.42,0.328,0.31
663538,"Hoerner, Nico",Nico Hoerner,CHC,679,618,163,125,29,1,8,58,43,10,72,8.5,6.3,0.264,0.318,0.353,0.277,0.08899999999999997,0.298,0.377,0.323,0.318
547180,"Harper, Bryce",Bryce Harper,PHI,679,564,152,89,32,3,28,144,106,1,86,21.2,15.6,0.27,0.381,0.486,0.31,0.21599999999999997,0.269,0.481,0.38,0.381
650490,"Díaz, Yandy",Yandy Díaz,TB,678,606,177,129,25,1,22,98,56,10,85,14.5,8.3,0.292,0.358,0.446,0.315,0.15400000000000003,0.28,0.439,0.346,0.358
670541,"Alvarez, Yordan",Yordan Alvarez,HOU,678,555,175,100,33,1,41,116,108,10,102,17.1,15.9,0.315,0.432,0.6,0.333,0.285,0.32,0.642,0.444,0.432
672640,"Lopez, Otto",Otto Lopez,MIA,678,619,188,136,32,9,11,89,39,9,71,13.1,5.8,0.304,0.348,0.438,0.334,0.134,0.281,0.418,0.327,0.348
645277,"Albies, Ozzie",Ozzie Albies,ATL,674,606,146,96,27,1,22,101,46,8,73,15.0,6.8,0.241,0.297,0.398,0.249,0.15700000000000003,0.225,0.343,0.278,0.297
677800,"Abreu, Wilyer",Wilyer Abreu,BOS,669,586,147,82,37,4,24,138,70,3,74,20.6,10.5,0.251,0.33,0.451,0.285,0.2,0.256,0.474,0.35,0.33
668930,"Turang, Brice",Brice Turang,MIL,667,570,151,93,35,3,20,169,89,1,94,25.3,13.3,0.265,0.364,0.442,0.342,0.177,0.254,0.426,0.344,0.364
672695,"Perdomo, Geraldo",Geraldo Perdomo,ARI,666,553,144,108,19,8,9,85,91,5,54,12.8,13.7,0.26,0.365,0.373,0.289,0.11299999999999999,0.257,0.345,0.326,0.365
592518,"Machado, Manny",Manny Machado,SD,666,578,125,74,22,0,29,141,76,1,87,21.2,11.4,0.216,0.304,0.405,0.23,0.18900000000000003,0.244,0.423,0.331,0.304
676475,"Burleson, Alec",Alec Burleson,STL,664,599,167,105,37,1,24,119,55,6,113,17.9,8.3,0.279,0.343,0.464,0.311,0.185,0.287,0.51,0.369,0.343
700250,"Rice, Ben",Ben Rice,NYY,658,565,148,80,23,4,41,158,84,6,97,24.0,12.8,0.262,0.362,0.535,0.29,0.273,0.268,0.513,0.379,0.362
682998,"Carroll, Corbin",Corbin Carroll,ARI,658,570,137,66,32,17,22,148,73,8,75,22.5,11.1,0.24,0.331,0.472,0.283,0.23199999999999998,0.252,0.452,0.345,0.331
701538,"Merrill, Jackson",Jackson Merrill,SD,657,607,153,96,26,5,26,158,40,3,86,24.0,6.1,0.252,0.3,0.44,0.298,0.188,0.268,0.489,0.346,0.3
668227,"Arozarena, Randy",Randy Arozarena,SEA,656,559,156,97,32,1,26,139,68,25,76,21.2,10.4,0.279,0.38,0.479,0.327,0.19999999999999996,0.259,0.423,0.351,0.38
666018,"Aranda, Jonathan",Jonathan Aranda,TB,656,571,157,109,26,0,22,158,66,11,92,24.1,10.1,0.275,0.357,0.436,0.338,0.16099999999999998,0.256,0.442,0.344,0.357
650333,"Arraez, Luis",Luis Arraez,PHI,655,596,185,139,33,7,6,28,34,5,64,4.3,5.2,0.31,0.345,0.419,0.311,0.10899999999999999,0.289,0.377,0.308,0.345
691023,"Walker, Jordan",Jordan Walker,STL,655,597,162,101,33,0,28,170,50,4,100,26.0,7.6,0.271,0.33,0.467,0.333,0.196,0.265,0.463,0.341,0.33
518692,"Freeman, Freddie",Freddie Freeman,LAD,650,572,167,118,32,1,16,114,66,5,70,17.5,10.2,0.292,0.366,0.435,0.336,0.14300000000000002,0.291,0.466,0.365,0.366
664040,"Lowe, Brandon",Brandon Lowe,PIT,647,576,151,87,29,1,34,187,61,3,95,28.9,9.4,0.262,0.332,0.493,0.323,0.23099999999999998,0.242,0.446,0.332,0.332
670623,"Paredes, Isaac",Isaac Paredes,HOU,646,551,144,92,27,1,24,86,69,19,93,13.3,10.7,0.261,0.359,0.445,0.268,0.184,0.246,0.372,0.323,0.359
666176,"Adell, Jo",Jo Adell,CLE,646,592,141,93,25,1,22,157,31,18,93,24.3,4.8,0.238,0.294,0.395,0.285,0.15700000000000003,0.255,0.437,0.324,0.294
677594,"Rodríguez, Julio",Julio Rodríguez,SEA,644,587,147,99,26,0,22,142,47,6,70,22.0,7.3,0.25,0.311,0.407,0.293,0.15699999999999997,0.265,0.439,0.334,0.311
695734,"Lile, Daylen",Daylen Lile,WSH,643,591,146,88,28,8,22,126,40,6,88,19.6,6.2,0.247,0.299,0.433,0.276,0.186,0.257,0.446,0.326,0.299
682928,"Abrams, CJ",CJ Abrams,WSH,642,568,149,83,30,3,33,155,56,12,103,24.1,8.7,0.262,0.338,0.5,0.301,0.238,0.248,0.436,0.332,0.338
607043,"Nimmo, Brandon",Brandon Nimmo,TEX,642,580,151,99,34,4,14,145,51,7,61,22.6,7.9,0.26,0.326,0.405,0.322,0.14500000000000002,0.27,0.448,0.342,0.326
805367,"Meidroth, Chase",Chase Meidroth,CWS,641,564,155,109,30,0,16,141,61,6,63,22.0,9.5,0.275,0.35,0.413,0.338,0.13799999999999996,0.237,0.346,0.299,0.35
701807,"Benge, Carson",Carson Benge,NYM,640,583,160,117,21,3,19,140,48,8,63,21.9,7.5,0.274,0.338,0.419,0.332,0.14499999999999996,0.277,0.434,0.339,0.338
647304,"Naylor, Josh",Josh Naylor,SEA,637,585,155,123,22,0,10,78,44,5,55,12.2,6.9,0.265,0.321,0.354,0.291,0.08899999999999997,0.271,0.383,0.312,0.321
646240,"Devers, Rafael",Rafael Devers,SF,633,558,144,70,36,1,37,161,69,2,98,25.4,10.9,0.258,0.34,0.525,0.294,0.267,0.238,0.473,0.342,0.34
661388,"Contreras, William",William Contreras,MIL,631,558,151,105,27,1,18,93,60,4,93,14.7,9.5,0.271,0.341,0.419,0.292,0.14799999999999996,0.26,0.441,0.333,0.341
695657,"Montgomery, Colson",Colson Montgomery,CWS,629,559,112,57,24,0,31,223,54,14,87,35.5,8.6,0.2,0.286,0.41,0.264,0.20999999999999996,0.202,0.395,0.299,0.286
680757,"Kwan, Steven",Steven Kwan,CLE,626,532,149,123,21,2,3,62,82,4,31,9.9,13.1,0.28,0.378,0.344,0.311,0.06399999999999995,0.278,0.343,0.327,0.378
681198,"Rumfield, TJ",TJ Rumfield,COL,626,542,161,113,30,3,15,86,72,10,71,13.7,11.5,0.297,0.388,0.446,0.33,0.14900000000000002,0.261,0.385,0.333,0.388
664023,"Happ, Ian",Ian Happ,CHC,626,537,119,64,28,3,24,185,80,7,68,29.6,12.8,0.222,0.33,0.419,0.289,0.19699999999999998,0.208,0.394,0.315,0.33
702284,"Young, Cole",Cole Young,SEA,625,568,139,99,19,4,17,107,40,13,65,17.1,6.4,0.245,0.308,0.382,0.273,0.137,0.258,0.387,0.312,0.308
672960,"Okamoto, Kazuma",Kazuma Okamoto,TOR,625,560,130,73,24,0,33,180,56,6,89,28.8,9.0,0.232,0.307,0.452,0.277,0.22,0.223,0.444,0.326,0.307
673548,"Suzuki, Seiya",Seiya Suzuki,CHC,625,538,145,87,31,1,26,152,79,5,86,24.3,12.6,0.27,0.366,0.476,0.328,0.20599999999999996,0.244,0.423,0.337,0.366
545361,"Trout, Mike",Mike Trout,LAA,624,505,124,76,26,0,22,162,105,11,54,26.0,16.8,0.246,0.385,0.428,0.316,0.182,0.255,0.488,0.38,0.385
682829,"Cruz, Elly De La",Elly De La Cruz,CIN,622,547,156,92,29,5,30,171,70,2,77,27.5,11.3,0.285,0.367,0.521,0.361,0.23600000000000004,0.281,0.502,0.375,0.367
572233,"Walker, Christian",Christian Walker,HOU,621,561,125,72,25,1,27,146,48,10,84,23.5,7.7,0.223,0.295,0.415,0.251,0.19199999999999998,0.224,0.382,0.298,0.295
605137,"Bell, Josh",Josh Bell,MIN,619,560,143,94,28,1,20,123,49,4,92,19.9,7.9,0.255,0.317,0.416,0.291,0.16099999999999998,0.256,0.443,0.333,0.317
677951,"Jr., Bobby Witt",Bobby Witt Jr.,KC,619,546,154,103,32,1,18,106,66,3,54,17.1,10.7,0.282,0.36,0.443,0.319,0.16100000000000003,0.3,0.504,0.378,0.36
686797,"Lee, Brooks",Brooks Lee,MIN,618,573,146,95,24,3,24,100,37,4,83,16.2,6.0,0.255,0.303,0.433,0.27,0.178,0.232,0.354,0.279,0.303
663586,"Riley, Austin",Austin Riley,ATL,618,555,124,82,21,2,19,195,47,11,72,31.6,7.6,0.223,0.294,0.371,0.303,0.148,0.214,0.396,0.299,0.294
664761,"Bohm, Alec",Alec Bohm,PHI,617,557,141,96,29,1,15,88,46,9,88,14.3,7.5,0.253,0.318,0.39,0.275,0.137,0.267,0.417,0.33,0.318
521692,"Perez, Salvador",Salvador Perez,KC,615,569,130,86,23,1,20,119,24,13,75,19.3,3.9,0.228,0.272,0.378,0.252,0.15,0.248,0.43,0.311,0.272
663656,"Tucker, Kyle",Kyle Tucker,LAD,614,528,124,80,23,4,17,103,77,3,70,16.8,12.5,0.235,0.332,0.39,0.258,0.15500000000000003,0.257,0.396,0.333,0.332
671739,"II, Michael Harris",Michael Harris II,ATL,613,583,170,109,34,1,26,117,23,2,86,19.1,3.8,0.292,0.319,0.487,0.325,0.195,0.288,0.473,0.34,0.319
643289,"Dubón, Mauricio",Mauricio Dubón,ATL,612,565,156,114,28,3,11,73,35,4,71,11.9,5.7,0.276,0.321,0.395,0.3,0.119,0.267,0.373,0.303,0.321
802139,"Wetherholt, JJ",JJ Wetherholt,STL,611,529,130,98,15,0,17,102,64,16,51,16.7,10.5,0.246,0.344,0.371,0.274,0.125,0.255,0.434,0.348,0.344
676391,"Clement, Ernie",Ernie Clement,TOR,611,580,153,110,33,1,9,57,22,2,48,9.3,3.6,0.264,0.29,0.371,0.276,0.10699999999999998,0.242,0.32,0.259,0.29
695578,"Wood, James",James Wood,WSH,610,503,132,71,30,1,30,176,99,4,77,28.9,16.2,0.262,0.385,0.505,0.339,0.243,0.271,0.552,0.404,0.385
606466,"Marte, Ketel",Ketel Marte,ARI,610,549,137,82,30,3,22,86,50,6,75,14.1,8.2,0.25,0.316,0.435,0.258,0.185,0.275,0.452,0.342,0.316
802415,"Simpson, Chandler",Chandler Simpson,TB,609,568,175,153,16,6,0,47,26,0,38,7.7,4.3,0.308,0.335,0.357,0.332,0.04899999999999999,0.262,0.299,0.265,0.335
805300,"Marsee, Jakob",Jakob Marsee,MIA,608,509,117,81,19,6,11,126,78,14,41,20.7,12.8,0.23,0.347,0.356,0.284,0.12599999999999997,0.23,0.328,0.31,0.347
669394,"Burger, Jake",Jake Burger,TEX,607,544,125,75,23,0,27,163,55,4,89,26.9,9.1,0.23,0.303,0.421,0.274,0.19099999999999998,0.229,0.423,0.317,0.303
660271,"Ohtani, Shohei",Shohei Ohtani,LAD,606,511,142,82,26,4,30,147,81,7,81,24.3,13.4,0.278,0.381,0.521,0.33,0.243,0.288,0.555,0.4,0.381
807712,"Keaschall, Luke",Luke Keaschall,MIN,606,518,143,105,26,2,10,87,56,22,49,14.4,9.2,0.276,0.366,0.392,0.31,0.11599999999999999,0.247,0.361,0.316,0.366
686948,"Baldwin, Drake",Drake Baldwin,ATL,606,540,153,108,21,0,24,131,55,9,77,21.6,9.1,0.283,0.358,0.456,0.333,0.17300000000000004,0.276,0.495,0.366,0.358
621493,"Ward, Taylor",Taylor Ward,SEA,606,497,111,83,20,1,7,130,99,7,35,21.5,16.3,0.223,0.358,0.31,0.287,0.087,0.24,0.359,0.333,0.358
679529,"Torkelson, Spencer",Spencer Torkelson,DET,602,518,118,66,27,0,25,190,70,9,74,31.6,11.6,0.228,0.328,0.425,0.303,0.19699999999999998,0.211,0.391,0.313,0.328
665489,"Jr., Vladimir Guerrero",Vladimir Guerrero Jr.,TOR,600,533,140,106,25,0,9,78,56,5,56,13.0,9.3,0.263,0.335,0.36,0.29,0.09699999999999998,0.283,0.405,0.334,0.335
693304,"Gonzales, Nick",Nick Gonzales,PIT,600,544,164,130,27,1,6,98,42,13,60,16.3,7.0,0.301,0.365,0.388,0.358,0.08700000000000002,0.28,0.384,0.325,0.365
593428,"Bogaerts, Xander",Xander Bogaerts,SD,600,516,117,86,18,1,12,108,75,4,56,18.0,12.5,0.227,0.327,0.335,0.262,0.10800000000000001,0.247,0.374,0.323,0.327
680776,"Duran, Jarren",Jarren Duran,BOS,599,544,113,73,15,5,20,164,39,6,69,27.4,6.5,0.208,0.265,0.364,0.253,0.156,0.237,0.39,0.301,0.265
693307,"Dingler, Dillon",Dillon Dingler,DET,598,542,132,76,27,2,27,137,34,15,89,22.9,5.7,0.244,0.304,0.45,0.274,0.20600000000000002,0.263,0.462,0.341,0.304
681082,"Stott, Bryson",Bryson Stott,PHI,596,526,131,83,32,6,10,100,60,3,66,16.8,10.1,0.249,0.328,0.39,0.289,0.14100000000000001,0.265,0.401,0.328,0.328
669364,"Edwards, Xavier",Xavier Edwards,MIA,595,518,145,116,17,6,6,83,68,0,52,13.9,11.4,0.28,0.36,0.371,0.32,0.09099999999999997,0.258,0.356,0.311,0.36
695600,"Jensen, Carter",Carter Jensen,KC,593,519,122,62,33,2,25,169,64,4,76,28.5,10.8,0.235,0.32,0.451,0.293,0.21600000000000003,0.214,0.403,0.31,0.32
571448,"Arenado, Nolan",Nolan Arenado,ARI,586,524,133,79,24,1,29,119,50,8,83,20.3,8.5,0.254,0.326,0.469,0.274,0.21499999999999997,0.229,0.361,0.296,0.326
677649,"Duran, Ezequiel",Ezequiel Duran,TEX,585,528,137,89,27,4,17,138,45,5,83,23.6,7.7,0.259,0.32,0.422,0.317,0.16299999999999998,0.245,0.373,0.303,0.32
677587,"Rocchio, Brayan",Brayan Rocchio,CLE,583,526,131,92,24,2,13,84,37,11,70,14.4,6.3,0.249,0.31,0.376,0.273,0.127,0.247,0.35,0.295,0.31
664983,"McCarthy, Jake",Jake McCarthy,COL,583,536,158,100,30,13,15,92,29,8,83,15.8,5.0,0.295,0.337,0.483,0.329,0.188,0.277,0.416,0.325,0.337
808982,"Lee, Jung Hoo",Jung Hoo Lee,SF,579,539,149,104,31,4,10,57,29,7,57,9.8,5.0,0.276,0.32,0.404,0.292,0.128,0.288,0.382,0.315,0.32
682985,"Greene, Riley",Riley Greene,DET,579,500,141,87,31,2,21,153,69,5,75,26.4,11.9,0.282,0.371,0.478,0.363,0.196,0.264,0.504,0.373,0.371
702332,"Durbin, Caleb",Caleb Durbin,BOS,578,500,125,86,25,1,13,79,51,15,64,13.7,8.8,0.25,0.335,0.382,0.272,0.132,0.238,0.32,0.295,0.335
678882,"Rafaela, Ceddanne",Ceddanne Rafaela,BOS,574,539,152,101,32,3,16,116,22,8,70,20.2,3.8,0.282,0.318,0.442,0.332,0.16000000000000003,0.249,0.362,0.284,0.318
665019,"Clemens, Kody",Kody Clemens,MIN,571,519,122,67,22,7,26,127,39,7,76,22.2,6.8,0.235,0.296,0.455,0.26,0.22000000000000003,0.25,0.448,0.33,0.296
641343,"Bauers, Jake",Jake Bauers,MIL,565,466,125,75,22,2,26,151,93,4,84,26.7,16.5,0.268,0.393,0.491,0.34,0.22299999999999998,0.255,0.473,0.376,0.393
694192,"Chourio, Jackson",Jackson Chourio,MIL,563,513,146,94,27,0,25,134,46,2,71,23.8,8.2,0.285,0.345,0.483,0.34,0.198,0.26,0.466,0.338,0.345
681624,"Pages, Andy",Andy Pages,LAD,562,502,137,88,26,2,21,110,47,8,80,19.6,8.4,0.273,0.342,0.458,0.309,0.185,0.274,0.439,0.342,0.342
696100,"Goodman, Hunter",Hunter Goodman,COL,561,506,124,64,19,2,39,173,45,5,84,30.8,8.0,0.245,0.31,0.522,0.284,0.277,0.226,0.451,0.32,0.31
514888,"Altuve, Jose",Jose Altuve,HOU,559,512,128,86,24,2,16,113,40,3,46,20.2,7.2,0.25,0.306,0.398,0.29,0.14800000000000002,0.224,0.327,0.272,0.306
641355,"Bellinger, Cody",Cody Bellinger,NYY,558,492,131,86,25,3,17,87,59,0,73,15.6,10.6,0.266,0.341,0.433,0.289,0.16699999999999998,0.272,0.413,0.337,0.341
669016,"Marsh, Brandon",Brandon Marsh,PHI,558,517,135,95,20,2,18,140,33,2,61,25.1,5.9,0.261,0.306,0.412,0.322,0.15099999999999997,0.251,0.404,0.302,0.306
701358,"Smith, Cam",Cam Smith,HOU,554,500,104,61,17,6,20,143,40,7,54,25.8,7.2,0.208,0.273,0.386,0.245,0.17800000000000002,0.237,0.425,0.318,0.273
571970,"Muncy, Max",Max Muncy,LAD,553,482,121,65,26,1,29,140,63,7,76,25.3,11.4,0.251,0.345,0.49,0.293,0.239,0.242,0.467,0.348,0.345
800050,"DeLauter, Chase",Chase DeLauter,CLE,548,487,140,93,29,3,15,81,57,1,65,14.8,10.4,0.287,0.361,0.452,0.317,0.16500000000000004,0.279,0.427,0.346,0.361
803011,"Antonacci, Sam",Sam Antonacci,CWS,545,469,127,91,24,4,8,81,43,28,48,14.9,7.9,0.271,0.365,0.39,0.312,0.119,0.277,0.393,0.343,0.365
689414,"Hicks, Liam",Liam Hicks,TB,544,469,132,99,14,1,18,55,56,11,82,10.1,10.3,0.281,0.366,0.431,0.283,0.14999999999999997,0.262,0.357,0.321,0.366
672515,"Moreno, Gabriel",Gabriel Moreno,ARI,541,467,144,94,33,1,16,79,59,5,81,14.6,10.9,0.308,0.384,0.486,0.335,0.178,0.288,0.449,0.362,0.384
695506,"Caglianone, Jac",Jac Caglianone,KC,540,499,141,88,28,2,23,141,33,7,71,26.1,6.1,0.283,0.335,0.485,0.351,0.202,0.28,0.5,0.356,0.335
808959,"Murakami, Munetaka",Munetaka Murakami,CWS,540,441,90,41,15,1,33,192,92,6,74,35.6,17.0,0.204,0.348,0.467,0.263,0.263,0.2,0.453,0.346,0.348
671277,"Jr., Luis García",Luis García Jr.,NYY,539,513,142,81,26,5,30,97,24,0,91,18.0,4.5,0.277,0.308,0.522,0.289,0.245,0.275,0.487,0.34,0.308
543760,"Semien, Marcus",Marcus Semien,NYM,539,486,105,75,14,1,15,101,45,2,49,18.7,8.3,0.216,0.283,0.342,0.24,0.12600000000000003,0.243,0.38,0.303,0.283
575929,"Contreras, Willson",Willson Contreras,BOS,533,446,123,72,21,3,27,134,59,24,81,25.1,11.1,0.276,0.387,0.518,0.333,0.242,0.256,0.486,0.377,0.387
608070,"Ramírez, José",José Ramírez,CLE,533,464,110,71,27,0,12,69,59,3,51,12.9,11.1,0.237,0.323,0.373,0.252,0.136,0.267,0.395,0.327,0.323
668709,"Bleday, JJ",JJ Bleday,CIN,533,455,98,57,16,2,23,116,71,3,57,21.8,13.3,0.215,0.323,0.411,0.235,0.19599999999999998,0.239,0.417,0.339,0.323
665862,"Jr., Jazz Chisholm",Jazz Chisholm Jr.,NYY,528,467,109,71,16,3,19,155,56,1,55,29.4,10.6,0.233,0.314,0.403,0.303,0.17,0.217,0.367,0.295,0.314
691026,"Winn, Masyn",Masyn Winn,STL,528,467,109,81,21,2,5,114,47,7,56,21.6,8.9,0.233,0.309,0.319,0.293,0.086,0.246,0.331,0.297,0.309
671732,"Butler, Lawrence",Lawrence Butler,OAK,527,461,110,72,19,2,17,138,60,2,61,26.2,11.4,0.239,0.328,0.399,0.302,0.16000000000000003,0.245,0.401,0.328,0.328
662139,"Varsho, Daulton",Daulton Varsho,HOU,526,484,107,69,23,3,12,107,39,2,40,20.3,7.4,0.221,0.281,0.355,0.26,0.13399999999999998,0.228,0.354,0.283,0.281
663728,"Raleigh, Cal",Cal Raleigh,SEA,520,442,79,41,15,0,23,162,71,3,68,31.2,13.7,0.179,0.294,0.369,0.215,0.19,0.188,0.396,0.31,0.294
669003,"Mitchell, Garrett",Garrett Mitchell,MIL,520,453,119,74,30,4,11,166,58,6,65,31.9,11.2,0.263,0.353,0.419,0.39,0.15599999999999997,0.267,0.447,0.352,0.353
686527,"Canzone, Dominic",Dominic Canzone,SEA,518,465,121,68,27,4,22,109,45,5,75,21.0,8.7,0.26,0.33,0.477,0.294,0.21699999999999997,0.271,0.487,0.356,0.33
605141,"Betts, Mookie",Mookie Betts,LAD,517,468,122,75,25,0,22,55,46,2,68,10.6,8.9,0.261,0.329,0.455,0.255,0.194,0.277,0.433,0.338,0.329
669065,"Stowers, Kyle",Kyle Stowers,MIA,512,447,107,55,27,4,21,161,52,10,65,31.4,10.2,0.239,0.331,0.459,0.322,0.22000000000000003,0.227,0.437,0.329,0.331
686555,"Collins, Isaac",Isaac Collins,KC,511,435,93,60,24,3,6,118,63,7,40,23.1,12.3,0.214,0.321,0.324,0.277,0.11000000000000001,0.219,0.303,0.294,0.321
543807,"Springer, George",George Springer,TOR,510,455,114,75,22,2,15,93,47,3,54,18.2,9.2,0.251,0.323,0.407,0.284,0.15599999999999997,0.236,0.377,0.305,0.323
643446,"McNeil, Jeff",Jeff McNeil,OAK,509,468,125,93,23,0,9,58,30,5,59,11.4,5.9,0.267,0.316,0.374,0.286,0.10699999999999998,0.272,0.359,0.3,0.316
642715,"Adames, Willy",Willy Adames,SF,505,465,107,60,25,1,21,139,37,2,51,27.5,7.3,0.23,0.289,0.424,0.281,0.19399999999999998,0.222,0.391,0.296,0.289
683953,"Bazzana, Travis",Travis Bazzana,CLE,504,436,106,69,20,2,15,105,56,7,57,20.8,11.1,0.243,0.335,0.401,0.283,0.15800000000000003,0.226,0.348,0.302,0.335
665926,"Giménez, Andrés",Andrés Giménez,TOR,500,462,113,78,25,1,9,93,16,15,58,18.6,3.2,0.245,0.289,0.361,0.285,0.11599999999999999,0.237,0.333,0.274,0.289
668904,"Lewis, Royce",Royce Lewis,MIN,497,451,102,63,24,1,14,125,38,3,54,25.2,7.6,0.226,0.288,0.377,0.278,0.151,0.236,0.393,0.305,0.288
678662,"Tovar, Ezequiel",Ezequiel Tovar,COL,496,455,98,64,22,0,12,127,29,2,43,25.6,5.8,0.215,0.261,0.343,0.265,0.12800000000000003,0.227,0.369,0.28,0.261
681715,"Hernández, Heriberto",Heriberto Hernández,MIA,493,436,98,57,16,1,24,132,52,4,64,26.8,10.5,0.225,0.312,0.431,0.263,0.206,0.244,0.469,0.348,0.312
656775,"Mullins, Cedric",Cedric Mullins,TB,492,429,87,59,10,3,15,94,43,7,46,19.1,8.7,0.203,0.284,0.345,0.222,0.14199999999999996,0.19,0.311,0.264,0.284
553993,"Suárez, Eugenio",Eugenio Suárez,CIN,490,426,89,47,17,0,25,165,52,9,72,33.7,10.6,0.209,0.306,0.425,0.268,0.216,0.199,0.368,0.299,0.306
592885,"Yelich, Christian",Christian Yelich,MIL,489,433,102,65,23,2,12,131,47,4,58,26.8,9.6,0.236,0.314,0.381,0.306,0.14500000000000002,0.231,0.386,0.308,0.314
680574,"McLain, Matt",Matt McLain,CIN,489,431,81,47,18,1,15,137,47,6,40,28.0,9.6,0.188,0.276,0.339,0.235,0.15100000000000002,0.215,0.367,0.296,0.276
683083,"Nuñez, Nasim",Nasim Nuñez,WSH,487,426,89,80,5,3,1,98,49,1,36,20.1,10.1,0.209,0.291,0.242,0.267,0.033,0.221,0.274,0.267,0.291
664034,"France, Ty",Ty France,SD,486,429,127,80,24,2,21,104,35,13,70,21.4,7.2,0.296,0.361,0.508,0.34,0.21200000000000002,0.254,0.431,0.332,0.361
545121,"Vargas, Ildemaro",Ildemaro Vargas,ARI,484,451,115,82,19,5,9,47,27,2,67,9.7,5.6,0.255,0.299,0.379,0.267,0.124,0.269,0.364,0.297,0.299
663757,"Grisham, Trent",Trent Grisham,NYY,484,418,88,49,19,2,18,89,61,0,59,18.4,12.6,0.211,0.308,0.395,0.222,0.18400000000000002,0.245,0.429,0.337,0.308
671976,"Peters, Tristan",Tristan Peters,CWS,482,428,115,68,31,4,12,89,37,11,56,18.5,7.7,0.269,0.341,0.444,0.313,0.175,0.248,0.385,0.315,0.341
641487,"Crawford, J.P.",J.P. Crawford,SEA,481,404,88,63,12,0,13,95,64,8,38,19.8,13.3,0.218,0.334,0.344,0.251,0.12599999999999997,0.236,0.358,0.32,0.334
606192,"Hernández, Teoscar",Teoscar Hernández,LAD,481,432,116,82,17,2,15,132,42,4,63,27.4,8.7,0.269,0.337,0.421,0.351,0.15199999999999997,0.258,0.433,0.332,0.337
805999,"Ewing, A.J.",A.J. Ewing,NYM,480,426,109,79,19,1,10,120,44,2,40,25.0,9.2,0.256,0.326,0.376,0.33,0.12,0.256,0.394,0.318,0.326
691594,"Sanoja, Javier",Javier Sanoja,MIA,478,449,132,85,32,5,10,39,27,0,68,8.2,5.6,0.294,0.333,0.454,0.304,0.16000000000000003,0.272,0.357,0.294,0.333
621020,"Swanson, Dansby",Dansby Swanson,CHC,478,421,91,53,16,3,19,112,50,2,69,23.4,10.5,0.216,0.3,0.404,0.245,0.18800000000000003,0.223,0.386,0.305,0.3
665750,"Taveras, Leody",Leody Taveras,BAL,477,425,92,62,16,6,8,124,41,1,54,26.0,8.6,0.216,0.286,0.339,0.286,0.12300000000000003,0.21,0.312,0.268,0.286
650489,"Castro, Willi",Willi Castro,COL,477,427,111,75,20,1,15,129,41,6,56,27.0,8.6,0.26,0.331,0.417,0.336,0.15699999999999997,0.236,0.39,0.309,0.331
686469,"Pasquantino, Vinnie",Vinnie Pasquantino,KC,468,410,101,64,20,2,15,72,50,3,60,15.4,10.7,0.246,0.329,0.415,0.262,0.16899999999999998,0.255,0.432,0.335,0.329
663968,"Mangum, Jake",Jake Mangum,PIT,468,425,117,91,19,2,5,90,25,12,32,19.2,5.3,0.275,0.332,0.365,0.337,0.08999999999999997,0.248,0.333,0.287,0.332
665742,"Soto, Juan",Juan Soto,NYM,467,387,106,66,11,2,27,64,77,0,68,13.7,16.5,0.274,0.393,0.522,0.265,0.248,0.296,0.577,0.413,0.393
665161,"Peña, Jeremy",Jeremy Peña,HOU,466,431,118,77,19,2,20,112,24,9,51,24.0,5.2,0.274,0.324,0.466,0.326,0.192,0.268,0.426,0.326,0.324
663886,"Stephenson, Tyler",Tyler Stephenson,CIN,464,407,99,62,22,0,15,126,49,3,54,27.2,10.6,0.243,0.325,0.408,0.31,0.16499999999999998,0.236,0.427,0.326,0.325
683146,"Baty, Brett",Brett Baty,NYM,464,411,98,64,22,1,11,122,44,3,56,26.3,9.5,0.238,0.313,0.377,0.307,0.139,0.24,0.409,0.32,0.313
691720,"Karros, Kyle",Kyle Karros,COL,463,400,103,66,21,3,13,95,53,7,49,20.5,11.4,0.258,0.352,0.423,0.305,0.16499999999999998,0.254,0.405,0.337,0.352
696285,"Young, Jacob",Jacob Young,WSH,463,413,103,68,22,3,10,77,33,9,49,16.6,7.1,0.249,0.317,0.39,0.283,0.14100000000000001,0.259,0.388,0.317,0.317
701675,"Church, Nathan",Nathan Church,STL,462,426,107,78,17,2,10,78,25,4,50,16.9,5.4,0.251,0.295,0.371,0.282,0.12,0.245,0.358,0.286,0.295
643217,"Benintendi, Andrew",Andrew Benintendi,CWS,461,415,100,60,24,2,14,109,38,1,75,23.6,8.2,0.241,0.302,0.41,0.289,0.16899999999999998,0.242,0.399,0.306,0.302
703607,"Bolte, Henry",Henry Bolte,OAK,460,403,111,83,16,1,11,131,38,15,36,28.5,8.3,0.275,0.358,0.402,0.38,0.127,0.247,0.375,0.318,0.358
687093,"Grissom, Vaughn",Vaughn Grissom,LAA,460,410,99,64,22,0,13,84,30,12,70,18.3,6.5,0.241,0.308,0.39,0.27,0.14900000000000002,0.243,0.383,0.311,0.308
660670,"Jr., Ronald Acuña",Ronald Acuña Jr.,ATL,460,399,104,65,18,1,20,101,53,5,55,22.0,11.5,0.261,0.352,0.461,0.299,0.2,0.262,0.494,0.368,0.352
694671,"Langford, Wyatt",Wyatt Langford,TEX,458,399,96,57,20,2,17,104,54,4,43,22.7,11.8,0.241,0.336,0.429,0.283,0.188,0.232,0.392,0.322,0.336
592663,"Realmuto, J.T.",J.T. Realmuto,PHI,458,405,84,55,18,0,11,99,37,10,50,21.6,8.1,0.207,0.286,0.333,0.243,0.12600000000000003,0.25,0.387,0.317,0.286
669127,"Langeliers, Shea",Shea Langeliers,OAK,456,415,110,66,21,0,23,105,35,5,58,23.0,7.7,0.265,0.329,0.482,0.302,0.21699999999999997,0.271,0.502,0.358,0.329
596019,"Lindor, Francisco",Francisco Lindor,NYM,454,405,91,55,12,4,20,91,44,5,48,20.0,9.7,0.225,0.308,0.422,0.241,0.19699999999999998,0.24,0.434,0.332,0.308
702222,"Crawford, Justin",Justin Crawford,PHI,454,414,109,82,19,5,3,80,27,3,41,17.6,5.9,0.263,0.31,0.355,0.316,0.09199999999999997,0.256,0.326,0.284,0.31
691016,"Soderstrom, Tyler",Tyler Soderstrom,OAK,453,396,97,48,27,3,19,91,53,3,56,20.1,11.7,0.245,0.338,0.472,0.272,0.22699999999999998,0.246,0.411,0.327,0.338
676609,"Caballero, José",José Caballero,NYY,452,408,95,68,13,0,14,109,28,7,51,24.1,6.2,0.233,0.29,0.368,0.279,0.13499999999999998,0.23,0.338,0.281,0.29
805811,"Eldridge, Bryce",Bryce Eldridge,SF,448,386,104,64,23,0,17,119,59,0,57,26.6,13.2,0.269,0.364,0.461,0.344,0.192,0.26,0.467,0.359,0.364
694384,"Schanuel, Nolan",Nolan Schanuel,LAA,446,392,108,79,22,0,7,58,42,6,49,13.0,9.4,0.276,0.351,0.385,0.304,0.10899999999999999,0.286,0.389,0.335,0.351
694497,"Carter, Evan",Evan Carter,TEX,446,383,74,49,13,3,9,112,47,5,39,25.1,10.5,0.193,0.288,0.313,0.246,0.12,0.201,0.316,0.277,0.288
691723,"Mayo, Coby",Coby Mayo,BAL,444,404,91,46,18,3,24,134,34,5,63,30.2,7.7,0.225,0.293,0.463,0.271,0.23800000000000002,0.236,0.483,0.338,0.293
686681,"Massey, Michael",Michael Massey,KC,443,414,113,74,25,1,13,73,21,0,49,16.5,4.7,0.273,0.305,0.432,0.3,0.15899999999999997,0.257,0.41,0.306,0.305
673962,"Jung, Josh",Josh Jung,TEX,443,398,119,79,27,1,12,80,35,7,42,18.1,7.9,0.299,0.363,0.462,0.346,0.16300000000000003,0.283,0.433,0.343,0.363
687859,"Johnston, Troy",Troy Johnston,COL,442,390,110,73,32,1,4,80,37,9,50,18.1,8.4,0.282,0.354,0.4,0.341,0.11800000000000005,0.278,0.379,0.326,0.354
664770,"Lukes, Nathan",Nathan Lukes,TOR,442,402,111,87,14,0,10,64,24,6,40,14.5,5.4,0.276,0.324,0.386,0.305,0.10999999999999999,0.257,0.347,0.291,0.324
656811,"O'Hearn, Ryan",Ryan O'Hearn,PIT,440,396,105,70,17,0,18,95,35,6,74,21.6,8.0,0.265,0.332,0.444,0.304,0.179,0.249,0.397,0.315,0.332
687462,"Horwitz, Spencer",Spencer Horwitz,PIT,440,376,93,69,13,1,10,69,52,7,48,15.7,11.8,0.247,0.345,0.367,0.275,0.12,0.232,0.352,0.315,0.345
671218,"Ramos, Heliot",Heliot Ramos,NYY,434,397,96,60,20,3,13,120,30,5,45,27.6,6.9,0.242,0.302,0.406,0.312,0.16400000000000003,0.254,0.442,0.327,0.302
701762,"Kurtz, Nick",Nick Kurtz,OAK,434,352,90,53,15,1,21,141,79,3,69,32.5,18.2,0.256,0.396,0.483,0.363,0.22699999999999998,0.244,0.483,0.374,0.396
663616,"Larnach, Trevor",Trevor Larnach,MIN,433,383,103,66,23,1,13,79,45,4,48,18.2,10.4,0.269,0.352,0.436,0.309,0.16699999999999998,0.259,0.394,0.327,0.352
592626,"Pederson, Joc",Joc Pederson,TEX,432,374,88,48,12,2,26,102,49,5,53,23.6,11.3,0.235,0.329,0.487,0.249,0.252,0.242,0.445,0.343,0.329
686611,"Crews, Dylan",Dylan Crews,WSH,431,394,88,56,19,1,12,103,28,8,43,23.9,6.5,0.223,0.288,0.368,0.271,0.145,0.242,0.418,0.316,0.288
666160,"Moniak, Mickey",Mickey Moniak,COL,431,399,96,50,17,6,23,119,22,3,65,27.6,5.1,0.241,0.281,0.486,0.277,0.245,0.212,0.392,0.279,0.281
670764,"Walls, Taylor",Taylor Walls,TB,428,364,81,60,17,2,2,102,45,3,36,23.8,10.5,0.223,0.31,0.297,0.299,0.07399999999999998,0.191,0.259,0.251,0.31
679845,"Loftin, Nick",Nick Loftin,KC,426,371,89,52,27,2,8,73,41,6,45,17.1,9.6,0.24,0.322,0.388,0.276,0.14800000000000002,0.229,0.335,0.294,0.322
690993,"Keith, Colt",Colt Keith,DET,423,384,99,66,19,4,10,84,32,5,36,19.9,7.6,0.258,0.322,0.406,0.305,0.14800000000000002,0.272,0.423,0.333,0.322
680869,"Gelof, Zack",Zack Gelof,OAK,423,382,99,59,16,2,22,102,31,7,54,24.1,7.3,0.259,0.326,0.484,0.298,0.22499999999999998,0.236,0.434,0.322,0.326
608369,"Seager, Corey",Corey Seager,TEX,423,371,84,49,16,0,19,101,45,4,48,23.9,10.6,0.226,0.314,0.423,0.256,0.19699999999999998,0.249,0.472,0.346,0.314
608348,"Kelly, Carson",Carson Kelly,CHC,422,377,98,73,15,0,10,69,40,5,58,16.4,9.5,0.26,0.339,0.379,0.295,0.119,0.246,0.374,0.313,0.339
650402,"Torres, Gleyber",Gleyber Torres,DET,420,358,93,72,13,0,8,81,57,3,38,19.3,13.6,0.26,0.364,0.363,0.314,0.10299999999999998,0.252,0.368,0.325,0.364
663993,"Lowe, Nathaniel",Nathaniel Lowe,CLE,419,374,94,55,22,0,17,99,37,2,60,23.6,8.8,0.251,0.317,0.447,0.292,0.196,0.267,0.437,0.334,0.317
656716,"McKinstry, Zach",Zach McKinstry,DET,418,368,74,51,15,4,4,68,42,3,26,16.3,10.0,0.201,0.287,0.296,0.235,0.09499999999999997,0.232,0.312,0.284,0.287
665833,"Cruz, Oneil",Oneil Cruz,PIT,414,364,102,67,14,1,20,137,46,4,67,33.1,11.1,0.28,0.367,0.489,0.396,0.20899999999999996,0.249,0.474,0.352,0.367
657757,"Sheets, Gavin",Gavin Sheets,SD,412,356,75,44,15,0,16,84,49,5,46,20.4,11.9,0.211,0.313,0.388,0.229,0.17700000000000002,0.23,0.379,0.317,0.313
682626,"Alvarez, Francisco",Francisco Alvarez,NYM,412,367,87,57,14,0,16,126,38,4,42,30.6,9.2,0.237,0.315,0.406,0.314,0.16900000000000004,0.232,0.436,0.324,0.315
630105,"Cronenworth, Jake",Jake Cronenworth,SD,412,367,82,62,12,1,7,94,36,6,36,22.8,8.7,0.223,0.303,0.319,0.282,0.096,0.214,0.305,0.273,0.303
687401,"Ortiz, Joey",Joey Ortiz,MIL,411,368,98,71,14,4,9,82,34,0,47,20.0,8.3,0.266,0.324,0.399,0.316,0.133,0.241,0.344,0.295,0.324
669477,"Schmitt, Casey",Casey Schmitt,SF,409,387,105,66,17,1,21,81,11,7,55,19.8,2.7,0.271,0.301,0.483,0.291,0.21199999999999997,0.288,0.512,0.355,0.301
621439,"Buxton, Byron",Byron Buxton,MIN,408,370,94,50,18,1,25,100,30,6,46,24.5,7.4,0.254,0.319,0.511,0.279,0.257,0.248,0.488,0.343,0.319
668939,"Rutschman, Adley",Adley Rutschman,BOS,403,358,85,46,26,1,12,68,38,2,57,16.9,9.4,0.237,0.31,0.416,0.258,0.179,0.255,0.412,0.328,0.31
682657,"Martínez, Angel",Angel Martínez,CLE,402,376,97,54,23,2,18,89,12,7,58,22.1,3.0,0.258,0.293,0.473,0.293,0.21499999999999997,0.257,0.412,0.306,0.293
694212,"Basallo, Samuel",Samuel Basallo,BAL,399,360,80,51,10,1,18,106,32,4,54,26.6,8.0,0.222,0.291,0.406,0.259,0.18400000000000002,0.234,0.439,0.318,0.291
573262,"Yastrzemski, Mike",Mike Yastrzemski,ATL,397,351,81,50,18,1,12,95,40,4,41,23.9,10.1,0.231,0.315,0.39,0.28,0.159,0.237,0.37,0.31,0.315
680700,"Palacios, Richie",Richie Palacios,TB,390,337,79,54,13,2,10,67,45,4,53,17.2,11.5,0.234,0.33,0.374,0.263,0.13999999999999999,0.248,0.34,0.309,0.33
687551,"Gilbert, Drew",Drew Gilbert,SF,388,337,81,53,14,3,11,70,37,9,43,18.0,9.5,0.24,0.329,0.398,0.27,0.15800000000000003,0.262,0.403,0.334,0.329
681297,"Cowser, Colton",Colton Cowser,BAL,387,337,75,53,9,0,13,121,45,1,40,31.3,11.6,0.223,0.313,0.365,0.301,0.142,0.217,0.396,0.312,0.313
668715,"Steer, Spencer",Spencer Steer,CIN,384,340,81,51,14,0,16,86,35,6,40,22.4,9.1,0.238,0.319,0.421,0.271,0.183,0.246,0.452,0.342,0.319
669224,"Wells, Austin",Austin Wells,NYY,384,332,62,41,7,0,14,102,46,3,32,26.6,12.0,0.187,0.29,0.334,0.22,0.14700000000000002,0.207,0.356,0.296,0.29
641680,"Heim, Jonah",Jonah Heim,OAK,383,351,71,39,19,0,13,69,27,2,42,18.0,7.0,0.202,0.261,0.368,0.213,0.16599999999999998,0.224,0.359,0.283,0.261
686217,"Frelick, Sal",Sal Frelick,MIL,379,334,78,56,18,0,4,38,31,2,40,10.0,8.2,0.234,0.299,0.323,0.25,0.089,0.24,0.323,0.279,0.299
605170,"Caratini, Victor",Victor Caratini,MIN,378,323,71,55,9,0,7,78,34,13,44,20.6,9.0,0.22,0.312,0.313,0.26,0.093,0.224,0.357,0.307,0.312
666152,"Hamilton, David",David Hamilton,MIL,376,330,79,61,11,3,4,84,32,1,26,22.3,8.5,0.239,0.309,0.327,0.31,0.08800000000000002,0.222,0.306,0.271,0.309
681393,"Norby, Connor",Connor Norby,COL,375,324,79,49,23,0,7,107,39,10,33,28.5,10.4,0.244,0.341,0.38,0.34,0.136,0.215,0.358,0.304,0.341
502671,"Goldschmidt, Paul",Paul Goldschmidt,NYY,375,341,87,55,13,1,18,86,29,3,51,22.9,7.7,0.255,0.317,0.457,0.289,0.202,0.239,0.418,0.313,0.317
657041,"Thomas, Lane",Lane Thomas,ATL,374,326,73,43,19,0,11,93,44,2,40,24.9,11.8,0.224,0.318,0.383,0.277,0.159,0.238,0.365,0.311,0.318
666126,"Cortes, Carlos",Carlos Cortes,OAK,373,336,85,57,16,2,10,62,30,4,43,16.6,8.0,0.253,0.319,0.402,0.281,0.14900000000000002,0.246,0.374,0.305,0.319
672724,"Peraza, Oswald",Oswald Peraza,LAA,366,337,76,55,12,2,7,109,17,10,25,29.8,4.6,0.226,0.282,0.335,0.311,0.10900000000000001,0.225,0.332,0.274,0.282
665877,"Fermín, José",José Fermín,STL,363,320,81,58,17,0,6,48,30,2,41,13.2,8.3,0.253,0.315,0.363,0.275,0.10999999999999999,0.253,0.342,0.296,0.315
680777,"Jeffers, Ryan",Ryan Jeffers,MIN,361,310,78,44,18,2,14,65,45,3,55,18.0,12.5,0.252,0.35,0.458,0.275,0.20600000000000002,0.242,0.428,0.341,0.35
624585,"Soler, Jorge",Jorge Soler,LAA,361,316,64,35,16,1,12,118,35,6,49,32.7,9.7,0.203,0.291,0.373,0.274,0.16999999999999998,0.206,0.362,0.294,0.291
694249,"Carrigg, Cole",Cole Carrigg,COL,361,322,89,53,21,4,11,85,28,5,51,23.5,7.8,0.276,0.34,0.469,0.339,0.19299999999999995,0.245,0.392,0.31,0.34
678391,"Vivas, Jorbit",Jorbit Vivas,WSH,359,306,74,55,15,1,3,53,41,4,31,14.8,11.4,0.242,0.335,0.327,0.28,0.08500000000000002,0.236,0.309,0.293,0.335
669707,"Triolo, Jared",Jared Triolo,PIT,358,320,77,62,12,0,3,70,28,5,29,19.6,7.8,0.241,0.311,0.306,0.298,0.065,0.244,0.319,0.287,0.311
676356,"DeLuca, Jonny",Jonny DeLuca,TB,357,338,89,56,24,0,9,76,16,0,47,21.3,4.5,0.263,0.297,0.414,0.316,0.15099999999999997,0.231,0.323,0.257,0.297
695731,"Montgomery, Braden",Braden Montgomery,CWS,357,315,70,45,16,3,6,71,38,3,38,19.9,10.6,0.222,0.311,0.349,0.268,0.12699999999999997,0.252,0.388,0.325,0.311
641857,"McMahon, Ryan",Ryan McMahon,NYY,356,324,68,44,13,0,11,104,28,2,40,29.2,7.9,0.21,0.276,0.352,0.271,0.142,0.228,0.379,0.296,0.276
700932,"Manzardo, Kyle",Kyle Manzardo,CLE,356,312,67,43,10,1,13,114,36,6,39,32.0,10.1,0.215,0.306,0.378,0.289,0.163,0.22,0.38,0.307,0.306
650859,"Rengifo, Luis",Luis Rengifo,SD,354,312,75,59,12,0,4,49,34,3,36,13.8,9.6,0.24,0.319,0.317,0.272,0.07700000000000001,0.253,0.345,0.304,0.319
702616,"Holliday, Jackson",Jackson Holliday,BAL,354,315,72,52,12,1,7,84,34,0,30,23.7,9.6,0.229,0.3,0.34,0.285,0.11100000000000002,0.236,0.352,0.293,0.3
668885,"Martin, Austin",Austin Martin,MIN,353,298,69,49,17,0,3,66,44,8,24,18.7,12.5,0.232,0.343,0.319,0.284,0.087,0.233,0.317,0.305,0.343
687637,"Beavers, Dylan",Dylan Beavers,BAL,352,315,72,45,20,0,7,95,33,2,39,27.0,9.4,0.229,0.305,0.359,0.304,0.12999999999999998,0.221,0.365,0.293,0.305
656305,"Chapman, Matt",Matt Chapman,SF,352,307,72,46,18,1,7,81,37,5,42,23.0,10.5,0.235,0.324,0.368,0.293,0.133,0.21,0.319,0.286,0.324
701678,"Lee, Hao-Yu",Hao-Yu Lee,DET,350,318,85,55,18,2,10,85,28,0,46,24.3,8.0,0.267,0.324,0.431,0.332,0.16399999999999998,0.234,0.397,0.303,0.324
673237,"Diaz, Yainer",Yainer Diaz,HOU,347,330,92,63,14,1,14,55,12,3,43,15.9,3.5,0.279,0.308,0.455,0.297,0.176,0.271,0.414,0.312,0.308
660688,"Ruiz, Keibert",Keibert Ruiz,WSH,347,325,92,58,24,0,10,36,16,3,47,10.4,4.6,0.283,0.32,0.449,0.291,0.16600000000000004,0.248,0.375,0.29,0.32
694208,"Ballesteros, Moisés",Moisés Ballesteros,LAA,344,310,68,49,10,0,9,80,29,1,35,23.3,8.4,0.219,0.285,0.339,0.262,0.12000000000000002,0.227,0.369,0.293,0.285
691781,"House, Brady",Brady House,WSH,344,311,76,49,17,0,10,89,27,3,45,25.9,7.8,0.244,0.308,0.395,0.307,0.15100000000000002,0.267,0.438,0.334,0.308
676724,"Young, Jared",Jared Young,NYM,342,308,82,53,17,3,9,63,25,6,39,18.4,7.3,0.266,0.33,0.429,0.305,0.16299999999999998,0.25,0.4,0.321,0.33
694374,"Tawa, Tim",Tim Tawa,ARI,338,301,70,45,13,1,11,84,26,0,41,24.9,7.7,0.233,0.29,0.392,0.281,0.159,0.244,0.414,0.312,0.29
805779,"Wilson, Jacob",Jacob Wilson,OAK,337,320,85,61,16,1,7,39,12,3,37,11.6,3.6,0.266,0.298,0.388,0.284,0.122,0.262,0.345,0.282,0.298
672275,"Bailey, Patrick",Patrick Bailey,CLE,337,303,62,45,8,1,8,88,27,1,34,26.1,8.0,0.205,0.269,0.317,0.257,0.11200000000000002,0.24,0.39,0.304,0.269
655316,"Monasterio, Andruw",Andruw Monasterio,BOS,337,303,72,42,23,1,6,67,26,3,42,19.9,7.7,0.238,0.301,0.38,0.282,0.14200000000000002,0.233,0.359,0.291,0.301
666139,"Lowe, Josh",Josh Lowe,LAA,335,303,64,41,11,0,12,100,25,3,29,29.9,7.5,0.211,0.276,0.366,0.269,0.155,0.209,0.376,0.285,0.276
672580,"Garcia, Maikel",Maikel Garcia,KC,335,304,80,54,20,3,3,50,29,0,38,14.9,8.7,0.263,0.325,0.378,0.304,0.11499999999999999,0.271,0.368,0.315,0.325
667472,"Myers, Dane",Dane Myers,CIN,334,292,75,56,11,0,8,82,37,3,27,24.6,11.1,0.257,0.344,0.377,0.328,0.12,0.236,0.356,0.309,0.344
683734,"Vaughn, Andrew",Andrew Vaughn,MIL,331,288,88,62,18,2,6,53,35,6,43,16.0,10.6,0.306,0.39,0.444,0.355,0.138,0.264,0.38,0.329,0.39
683357,"Caissie, Owen",Owen Caissie,MIA,330,291,64,36,14,0,14,123,27,4,58,37.3,8.2,0.22,0.288,0.412,0.309,0.19199999999999998,0.211,0.405,0.302,0.288
678554,"Mead, Curtis",Curtis Mead,BOS,329,285,72,37,17,1,17,63,39,5,48,19.1,11.9,0.253,0.353,0.498,0.268,0.245,0.259,0.457,0.358,0.353
691788,"Mack, Joe",Joe Mack,MIA,327,301,70,48,9,0,13,82,18,2,51,25.1,5.5,0.233,0.279,0.392,0.274,0.159,0.222,0.384,0.285,0.279
685133,"Meckler, Wade",Wade Meckler,LAA,326,289,86,69,14,0,3,62,32,3,27,19.0,9.8,0.298,0.373,0.377,0.371,0.07900000000000001,0.26,0.359,0.314,0.373
804606,"Griffin, Konnor",Konnor Griffin,PIT,326,300,81,58,14,4,5,80,20,4,31,24.5,6.1,0.27,0.322,0.393,0.35,0.123,0.252,0.391,0.307,0.322
664702,"Straw, Myles",Myles Straw,TOR,325,290,69,46,19,1,3,43,27,1,26,13.2,8.3,0.238,0.302,0.341,0.267,0.10300000000000004,0.25,0.342,0.292,0.302
669242,"Edman, Tommy",Tommy Edman,LAD,323,284,68,47,11,2,8,67,21,14,41,20.7,6.5,0.239,0.322,0.377,0.286,0.138,0.24,0.347,0.304,0.322
663457,"Nootbaar, Lars",Lars Nootbaar,ARI,320,275,66,44,14,1,7,66,42,0,31,20.6,13.1,0.24,0.339,0.375,0.289,0.135,0.245,0.43,0.338,0.339
656555,"Hoskins, Rhys",Rhys Hoskins,CLE,317,263,47,21,13,0,13,100,47,3,38,31.5,14.8,0.179,0.306,0.376,0.221,0.197,0.174,0.348,0.297,0.306
663743,"Fortes, Nick",Nick Fortes,TB,315,290,76,54,17,0,5,41,12,8,34,13.0,3.8,0.262,0.309,0.372,0.29,0.10999999999999999,0.241,0.324,0.274,0.309
664728,"Isbel, Kyle",Kyle Isbel,KC,315,287,63,47,9,1,6,73,15,3,24,23.2,4.8,0.22,0.264,0.321,0.271,0.101,0.221,0.299,0.253,0.264
660821,"Sánchez, Jesús",Jesús Sánchez,ARI,315,284,72,46,18,0,8,75,18,8,35,23.8,5.7,0.254,0.311,0.401,0.311,0.14700000000000002,0.255,0.419,0.321,0.311
665052,"Conine, Griffin",Griffin Conine,MIA,311,273,70,45,8,0,17,93,33,5,40,29.9,10.6,0.256,0.347,0.473,0.325,0.21699999999999997,0.252,0.485,0.359,0.347
624424,"Conforto, Michael",Michael Conforto,CHC,305,262,63,32,16,0,15,80,35,4,44,26.2,11.5,0.24,0.334,0.473,0.281,0.23299999999999998,0.24,0.445,0.336,0.334
672386,"Kirk, Alejandro",Alejandro Kirk,TOR,304,270,76,59,7,0,10,38,31,0,42,12.5,10.2,0.281,0.352,0.419,0.293,0.13799999999999996,0.264,0.37,0.307,0.352
807799,"Yoshida, Masataka",Masataka Yoshida,BOS,297,263,72,50,16,1,5,33,28,3,28,11.1,9.4,0.274,0.347,0.399,0.294,0.125,0.262,0.372,0.318,0.347
669357,"Gorman, Nolan",Nolan Gorman,STL,296,261,49,34,6,0,9,94,32,0,33,31.8,10.8,0.188,0.274,0.314,0.248,0.126,0.197,0.358,0.281,0.274
694203,"Guzman, Denzer",Denzer Guzman,LAA,295,274,60,43,9,0,8,76,17,1,33,25.8,5.8,0.219,0.267,0.339,0.274,0.12000000000000002,0.227,0.332,0.268,0.267
680779,"Davis, Henry",Henry Davis,PIT,295,253,42,26,6,0,10,62,28,8,38,21.0,9.5,0.166,0.268,0.308,0.175,0.142,0.199,0.343,0.292,0.268
642086,"Smith, Dominic",Dominic Smith,ATL,294,264,67,52,6,1,8,47,22,2,44,16.0,7.5,0.254,0.311,0.375,0.276,0.121,0.236,0.369,0.296,0.311
663837,"Vierling, Matt",Matt Vierling,DET,291,266,55,34,13,3,5,49,19,0,31,16.8,6.5,0.207,0.255,0.335,0.23,0.12800000000000003,0.256,0.381,0.304,0.255
677942,"Alexander, Blaze",Blaze Alexander,BAL,289,261,79,60,13,2,4,63,19,4,31,21.8,6.6,0.303,0.358,0.414,0.385,0.11099999999999999,0.3,0.452,0.351,0.358
671289,"Freeman, Tyler",Tyler Freeman,COL,288,255,63,53,6,1,3,34,11,15,23,11.8,3.8,0.247,0.317,0.314,0.275,0.067,0.265,0.353,0.309,0.317
668901,"Vientos, Mark",Mark Vientos,NYM,287,267,57,34,10,0,13,69,15,3,39,24.0,5.2,0.213,0.261,0.397,0.235,0.18400000000000002,0.233,0.439,0.309,0.261
699013,"Valdez, Esmerlyn",Esmerlyn Valdez,PIT,287,241,56,24,14,1,17,108,42,1,47,37.6,14.6,0.232,0.345,0.51,0.328,0.278,0.2,0.44,0.332,0.345
677588,"Tena, José",José Tena,WSH,287,256,57,35,13,2,7,89,27,3,25,31.0,9.4,0.223,0.303,0.371,0.311,0.148,0.222,0.352,0.292,0.303
670042,"Raley, Luke",Luke Raley,SEA,287,262,59,34,9,1,15,93,15,7,39,32.4,5.2,0.225,0.284,0.439,0.284,0.214,0.252,0.486,0.342,0.284
592450,"Judge, Aaron",Aaron Judge,NYY,285,237,57,29,10,0,18,85,43,2,41,29.8,15.1,0.241,0.36,0.511,0.289,0.27,0.258,0.569,0.396,0.36
814439,"Waldschmidt, Ryan",Ryan Waldschmidt,ARI,284,250,64,44,15,2,3,85,22,5,22,29.9,7.7,0.256,0.325,0.368,0.37,0.11199999999999999,0.237,0.356,0.297,0.325
691777,"Muncy, Max",Max Muncy,OAK,284,256,59,39,9,2,9,91,21,4,30,32.0,7.4,0.23,0.296,0.387,0.314,0.157,0.218,0.366,0.288,0.296
669236,"Jackson, Jeremiah",Jeremiah Jackson,BAL,283,269,59,39,11,0,9,64,8,2,44,22.6,2.8,0.219,0.245,0.361,0.251,0.142,0.239,0.386,0.282,0.245
666211,"Trammell, Taylor",Taylor Trammell,HOU,283,250,49,29,10,2,8,88,28,4,22,31.1,9.9,0.196,0.287,0.348,0.266,0.15199999999999997,0.189,0.367,0.287,0.287
682177,"Schneemann, Daniel",Daniel Schneemann,CLE,282,258,53,36,11,0,6,84,24,0,29,29.8,8.5,0.205,0.273,0.318,0.28,0.11300000000000002,0.222,0.359,0.287,0.273
682987,"Jones, Spencer",Spencer Jones,NYY,281,253,62,37,13,1,11,102,25,1,39,36.3,8.9,0.245,0.314,0.435,0.362,0.19,0.235,0.446,0.324,0.314
665966,"Narváez, Carlos",Carlos Narváez,BAL,280,244,40,30,7,0,3,90,18,8,10,32.1,6.4,0.164,0.242,0.23,0.24,0.066,0.19,0.3,0.258,0.242
810938,"Williamson, Ben",Ben Williamson,TB,280,256,62,48,10,1,3,51,21,2,26,18.2,7.5,0.242,0.305,0.324,0.292,0.08200000000000002,0.251,0.331,0.288,0.305
542303,"Ozuna, Marcell",Marcell Ozuna,PIT,280,251,51,36,7,0,8,80,27,2,29,28.6,9.6,0.203,0.286,0.327,0.264,0.124,0.221,0.389,0.304,0.286
620443,"Torrens, Luis",Luis Torrens,NYM,277,252,60,37,14,0,9,58,17,4,41,20.9,6.1,0.238,0.296,0.401,0.274,0.16300000000000003,0.233,0.369,0.292,0.296
666397,"Julien, Edouard",Edouard Julien,COL,276,236,49,36,9,1,3,71,39,1,20,25.7,14.1,0.208,0.322,0.292,0.284,0.08399999999999999,0.247,0.401,0.338,0.322
681351,"O'Hoppe, Logan",Logan O'Hoppe,TEX,274,251,55,42,9,0,4,67,17,3,24,24.5,6.2,0.219,0.275,0.303,0.28,0.08399999999999999,0.206,0.332,0.267,0.275
670770,"Friedl, TJ",TJ Friedl,CIN,272,239,41,30,6,1,4,63,22,5,13,23.2,8.1,0.172,0.255,0.255,0.214,0.08300000000000002,0.191,0.268,0.25,0.255
668723,"Vilade, Ryan",Ryan Vilade,TB,270,237,58,37,8,2,11,64,26,3,41,23.7,9.6,0.245,0.323,0.435,0.285,0.19,0.257,0.434,0.334,0.323
669257,"Smith, Will",Will Smith,LAD,269,228,57,38,9,0,10,43,34,3,34,16.0,12.6,0.25,0.349,0.421,0.263,0.17099999999999999,0.275,0.502,0.389,0.349
690976,"Freeland, Alex",Alex Freeland,LAD,269,231,54,41,9,0,4,74,32,1,21,27.5,11.9,0.234,0.327,0.325,0.323,0.091,0.22,0.34,0.297,0.327
596142,"Sánchez, Gary",Gary Sánchez,MIL,269,219,46,24,10,1,11,57,46,3,36,21.2,17.1,0.21,0.353,0.416,0.23,0.206,0.224,0.4,0.339,0.353
545341,"Grichuk, Randal",Randal Grichuk,CWS,269,255,74,33,25,2,14,60,10,1,43,22.3,3.7,0.29,0.316,0.569,0.326,0.27899999999999997,0.28,0.479,0.337,0.316
678218,"Valenzuela, Brandon",Brandon Valenzuela,TOR,268,237,53,36,9,0,8,68,28,1,22,25.4,10.4,0.224,0.307,0.363,0.278,0.13899999999999998,0.239,0.37,0.309,0.307
543877,"Vázquez, Christian",Christian Vázquez,HOU,266,242,50,36,7,0,7,53,18,0,25,19.9,6.8,0.207,0.261,0.322,0.235,0.11500000000000002,0.193,0.266,0.233,0.261
686765,"Sogard, Nick",Nick Sogard,BOS,265,229,59,39,14,1,5,55,29,1,19,20.8,10.9,0.258,0.342,0.393,0.318,0.135,0.248,0.355,0.31,0.342
668952,"Kreidler, Ryan",Ryan Kreidler,MIN,264,241,52,32,9,3,8,60,20,2,28,22.7,7.6,0.216,0.281,0.378,0.254,0.162,0.221,0.384,0.295,0.281
670032,"Lopez, Nicky",Nicky Lopez,TEX,262,230,62,56,4,1,1,43,12,6,24,16.4,4.6,0.27,0.32,0.309,0.324,0.03899999999999998,0.246,0.294,0.267,0.32
666023,"Fermin, Freddy",Freddy Fermin,SD,261,228,45,28,13,0,4,55,21,3,21,21.1,8.0,0.197,0.271,0.307,0.238,0.10999999999999999,0.211,0.316,0.271,0.271
641933,"O'Neill, Tyler",Tyler O'Neill,BAL,260,231,49,31,8,0,10,72,27,2,23,27.7,10.4,0.212,0.3,0.377,0.262,0.165,0.214,0.394,0.307,0.3
681481,"Carpenter, Kerry",Kerry Carpenter,DET,259,231,48,28,5,2,13,75,18,5,36,29.0,6.9,0.208,0.276,0.416,0.24,0.208,0.212,0.388,0.295,0.276
666969,"García, Adolis",Adolis García,PHI,259,231,45,29,8,1,7,84,21,4,21,32.4,8.1,0.195,0.27,0.329,0.266,0.134,0.22,0.362,0.294,0.27
596115,"Story, Trevor",Trevor Story,BOS,259,246,59,40,14,0,5,83,10,1,29,32.0,3.9,0.24,0.27,0.358,0.338,0.118,0.216,0.325,0.25,0.27
622268,"Walton, Donovan",Donovan Walton,OAK,258,222,60,36,14,1,9,43,27,7,32,16.7,10.5,0.27,0.367,0.464,0.3,0.194,0.247,0.378,0.326,0.367
699393,"Ramírez, Pedro",Pedro Ramírez,CHC,258,234,61,41,12,2,6,47,20,1,32,18.2,7.8,0.261,0.319,0.406,0.301,0.14500000000000002,0.241,0.344,0.282,0.319
806198,"Pratt, Cooper",Cooper Pratt,MIL,257,220,62,51,6,2,3,46,25,2,34,17.9,9.7,0.282,0.35,0.368,0.331,0.08600000000000002,0.264,0.362,0.314,0.35
609280,"Andujar, Miguel",Miguel Andujar,SD,254,239,62,35,20,2,5,38,11,4,22,15.0,4.3,0.259,0.303,0.423,0.291,0.16399999999999998,0.264,0.376,0.298,0.303
683748,"Jr., Victor Mesa",Victor Mesa Jr.,TB,253,226,56,33,6,3,14,51,23,1,31,20.2,9.1,0.248,0.319,0.487,0.259,0.239,0.248,0.445,0.333,0.319
687221,"Rushing, Dalton",Dalton Rushing,LAD,250,221,55,31,12,0,12,73,23,5,36,29.2,9.2,0.249,0.332,0.466,0.314,0.21700000000000003,0.252,0.43,0.339,0.332
665923,"Ruiz, Esteury",Esteury Ruiz,MIA,247,207,45,26,12,1,6,78,25,11,16,31.6,10.1,0.217,0.332,0.372,0.315,0.155,0.179,0.296,0.276,0.332
665804,"Amaya, Miguel",Miguel Amaya,CHC,246,208,48,32,10,0,6,66,23,10,26,26.8,9.3,0.231,0.335,0.365,0.307,0.13399999999999998,0.2,0.318,0.288,0.335
500743,"Rojas, Miguel",Miguel Rojas,LAD,245,220,59,39,16,0,4,26,14,2,22,10.6,5.7,0.268,0.309,0.395,0.279,0.127,0.279,0.388,0.308,0.309
676439,"Feduccia, Hunter",Hunter Feduccia,LAD,245,212,48,35,9,1,3,59,27,1,19,24.1,11.0,0.226,0.315,0.321,0.298,0.095,0.242,0.374,0.317,0.315
679822,"Foscue, Justin",Justin Foscue,TEX,244,222,60,35,13,1,11,61,17,4,34,25.0,7.0,0.27,0.332,0.486,0.325,0.21599999999999997,0.245,0.439,0.327,0.332
642350,"Siri, Jose",Jose Siri,LAA,244,222,52,33,10,0,9,79,15,3,30,32.4,6.1,0.234,0.29,0.401,0.319,0.167,0.222,0.416,0.299,0.29
624641,"Sosa, Edmundo",Edmundo Sosa,PHI,243,224,55,35,10,2,8,51,7,6,43,21.0,2.9,0.246,0.283,0.415,0.28,0.16899999999999998,0.278,0.449,0.331,0.283
682663,"Ramírez, Agustín",Agustín Ramírez,MIA,243,215,51,35,10,1,5,59,25,2,24,24.3,10.3,0.237,0.321,0.363,0.303,0.126,0.224,0.317,0.284,0.321
663647,"Hayes, Ke'Bryan",Ke'Bryan Hayes,CIN,242,227,32,24,2,1,5,48,13,2,9,19.8,5.4,0.141,0.194,0.225,0.155,0.08400000000000002,0.238,0.375,0.29,0.194
806068,"Emerson, Colt",Colt Emerson,SEA,241,221,42,27,6,1,8,83,15,2,23,34.4,6.2,0.19,0.246,0.335,0.258,0.14500000000000002,0.196,0.3,0.248,0.246
595978,"Hedges, Austin",Austin Hedges,CLE,241,210,52,37,10,0,5,44,24,1,24,18.3,10.0,0.248,0.325,0.367,0.288,0.119,0.225,0.309,0.278,0.325
669134,"Campusano, Luis",Luis Campusano,SD,241,209,56,36,12,0,8,52,29,3,29,21.6,12.0,0.268,0.365,0.44,0.322,0.172,0.24,0.394,0.328,0.365
642708,"Rosario, Amed",Amed Rosario,NYY,240,223,52,35,6,1,10,56,14,0,33,23.3,5.8,0.233,0.275,0.404,0.263,0.171,0.246,0.424,0.308,0.275
683011,"Volpe, Anthony",Anthony Volpe,NYY,238,212,51,37,11,1,2,53,25,0,26,22.3,10.5,0.241,0.319,0.33,0.31,0.08900000000000002,0.233,0.333,0.292,0.319
669701,"Smith, Josh",Josh Smith,TOR,236,205,42,31,4,1,6,55,25,2,15,23.3,10.6,0.205,0.295,0.322,0.247,0.11700000000000002,0.204,0.319,0.278,0.295
691785,"Mayer, Marcelo",Marcelo Mayer,SF,236,211,45,32,10,0,3,49,18,3,22,20.8,7.6,0.213,0.281,0.303,0.259,0.09,0.198,0.292,0.259,0.281
553869,"Díaz, Elias",Elias Díaz,TEX,236,217,50,30,13,0,7,58,9,2,34,24.6,3.8,0.23,0.263,0.387,0.276,0.157,0.215,0.349,0.266,0.263
621438,"Taylor, Tyrone",Tyrone Taylor,CHC,234,212,58,32,15,0,11,40,14,2,37,17.1,6.0,0.274,0.322,0.5,0.288,0.22599999999999998,0.243,0.413,0.308,0.322
664954,"Sullivan, Brett",Brett Sullivan,COL,233,215,49,28,13,1,7,38,13,1,33,16.3,5.6,0.228,0.272,0.395,0.243,0.167,0.237,0.357,0.284,0.272
657136,"Wong, Connor",Connor Wong,BOS,233,205,48,33,11,0,4,57,17,6,24,24.5,7.3,0.234,0.31,0.346,0.303,0.11199999999999996,0.219,0.329,0.283,0.31
694728,"Matthews, Brice",Brice Matthews,HOU,233,214,43,30,5,1,7,74,16,0,22,31.8,6.9,0.201,0.255,0.332,0.269,0.131,0.193,0.338,0.261,0.255
701350,"Anthony, Roman",Roman Anthony,BOS,232,204,48,32,9,2,5,62,27,1,15,26.7,11.6,0.235,0.328,0.373,0.314,0.138,0.258,0.422,0.338,0.328
675961,"Williams, Alika",Alika Williams,OAK,231,215,58,33,20,1,4,50,10,2,16,21.6,4.3,0.27,0.307,0.428,0.333,0.15799999999999997,0.217,0.299,0.248,0.307
673357,"Jr., Luis Robert",Luis Robert Jr.,BAL,230,204,45,29,5,0,11,55,24,0,26,23.9,10.4,0.221,0.3,0.407,0.243,0.18599999999999997,0.239,0.418,0.321,0.3
696030,"Osuna, Alejandro",Alejandro Osuna,TEX,226,198,51,45,5,0,1,34,19,8,24,15.0,8.4,0.258,0.347,0.298,0.307,0.03999999999999998,0.252,0.308,0.3,0.347
681508,"Gasper, Mickey",Mickey Gasper,BOS,222,188,48,28,9,1,10,36,27,5,24,16.2,12.2,0.255,0.362,0.473,0.266,0.21799999999999997,0.255,0.456,0.36,0.362
691176,"Domínguez, Jasson",Jasson Domínguez,NYY,222,209,47,29,12,0,6,48,10,2,14,21.6,4.5,0.225,0.267,0.368,0.265,0.143,0.25,0.364,0.289,0.267
665953,"Chaparro, Andrés",Andrés Chaparro,WSH,221,191,49,25,13,0,11,52,25,5,37,23.5,11.3,0.257,0.357,0.497,0.297,0.24,0.229,0.436,0.339,0.357
694378,"Gonzalez, Jacob",Jacob Gonzalez,PIT,221,204,45,30,9,0,6,42,11,4,30,19.0,5.0,0.221,0.273,0.353,0.248,0.13199999999999998,0.25,0.392,0.303,0.273
682668,"Acuña, Luisangel",Luisangel Acuña,CWS,219,205,46,41,4,0,1,43,9,1,12,19.6,4.1,0.224,0.258,0.259,0.276,0.035,0.243,0.311,0.263,0.258
699912,"Fernandez, Jose",Jose Fernandez,ARI,219,202,52,40,9,0,3,50,11,1,16,22.8,5.0,0.257,0.299,0.347,0.329,0.08999999999999997,0.243,0.342,0.278,0.299
700337,"Quero, Edgar",Edgar Quero,CWS,217,187,38,34,1,0,3,43,18,5,19,19.8,8.3,0.203,0.284,0.257,0.24,0.05399999999999999,0.222,0.315,0.282,0.284
686668,"Doyle, Brenton",Brenton Doyle,CWS,217,204,47,35,7,1,4,72,12,0,13,33.2,5.5,0.23,0.273,0.333,0.336,0.10300000000000001,0.206,0.303,0.246,0.273
643376,"Jansen, Danny",Danny Jansen,TEX,216,186,36,20,9,1,6,53,18,8,23,24.5,8.3,0.194,0.292,0.349,0.236,0.15499999999999997,0.186,0.303,0.268,0.292
656537,"Hill, Derek",Derek Hill,PHI,216,199,48,31,5,1,11,69,13,1,31,31.9,6.0,0.241,0.291,0.442,0.311,0.201,0.223,0.384,0.288,0.291
622761,"Mateo, Jorge",Jorge Mateo,TB,213,199,41,29,7,0,5,68,11,1,18,31.9,5.2,0.206,0.25,0.317,0.283,0.11100000000000002,0.223,0.358,0.274,0.25
683766,"Koss, Christian",Christian Koss,SF,210,193,44,34,6,0,4,52,9,2,12,24.8,4.3,0.228,0.27,0.321,0.292,0.093,0.215,0.291,0.246,0.27
687952,"Encarnacion-Strand, Christian",Christian Encarnacion-Strand,BAL,208,190,52,29,12,0,11,54,11,4,39,26.0,5.3,0.274,0.324,0.511,0.323,0.237,0.251,0.492,0.337,0.324
686780,"Pagés, Pedro",Pedro Pagés,STL,206,186,40,30,6,0,4,55,12,2,12,26.7,5.8,0.215,0.267,0.312,0.279,0.097,0.216,0.327,0.267,0.267
657656,"Laureano, Ramón",Ramón Laureano,SD,206,182,37,22,6,2,7,65,20,2,21,31.6,9.7,0.203,0.286,0.374,0.268,0.17099999999999999,0.222,0.409,0.312,0.286
681807,"Fry, David",David Fry,CLE,206,176,34,21,6,0,7,58,28,2,18,28.2,13.6,0.193,0.311,0.347,0.243,0.15399999999999997,0.171,0.273,0.264,0.311
800325,"Lara, Luis",Luis Lara,MIL,204,184,46,35,8,2,1,44,17,1,25,21.6,8.3,0.25,0.314,0.332,0.319,0.08200000000000002,0.257,0.332,0.294,0.314
642201,"White, Eli",Eli White,BOS,204,191,47,31,9,1,6,45,11,1,29,22.1,5.4,0.246,0.289,0.398,0.291,0.15200000000000002,0.229,0.333,0.269,0.289
691011,"Romo, Drew",Drew Romo,CWS,203,177,25,13,5,0,7,47,20,3,16,23.2,9.9,0.141,0.239,0.288,0.145,0.147,0.188,0.293,0.262,0.239
667670,"Rooker, Brent",Brent Rooker,OAK,203,180,36,22,4,0,10,65,19,2,29,32.0,9.4,0.2,0.281,0.389,0.243,0.189,0.208,0.438,0.312,0.281
682622,"Marte, Noelvi",Noelvi Marte,CIN,201,190,36,23,7,0,6,52,10,0,15,25.9,5.0,0.189,0.229,0.321,0.226,0.132,0.193,0.304,0.237,0.229
666971,"Jr., Lourdes Gurriel",Lourdes Gurriel Jr.,ARI,201,186,39,28,9,0,2,38,10,2,22,18.9,5.0,0.21,0.254,0.29,0.248,0.07999999999999999,0.234,0.312,0.273,0.254
691458,"Jordan, Blaze",Blaze Jordan,STL,199,186,46,31,8,4,3,30,7,2,28,15.1,3.5,0.247,0.276,0.382,0.274,0.135,0.266,0.425,0.317,0.276
623168,"Heineman, Tyler",Tyler Heineman,LAA,196,174,30,25,3,1,1,29,5,6,9,14.8,2.6,0.172,0.222,0.218,0.201,0.04600000000000001,0.217,0.262,0.238,0.222
680728,"Castillo, Adrian Del",Adrian Del Castillo,ARI,195,179,35,24,6,0,5,55,13,0,24,28.2,6.7,0.196,0.249,0.313,0.25,0.11699999999999999,0.198,0.33,0.256,0.249
677870,"Jiménez, Leo",Leo Jiménez,MIA,194,166,33,27,4,0,2,38,18,8,14,19.6,9.3,0.199,0.306,0.259,0.244,0.06,0.242,0.336,0.314,0.306
807713,"Shaw, Matt",Matt Shaw,CHC,192,164,38,22,8,3,5,35,20,3,24,18.2,10.4,0.232,0.323,0.409,0.262,0.17699999999999996,0.222,0.344,0.296,0.323
687363,"II, Victor Scott",Victor Scott II,STL,192,163,31,25,4,0,2,45,16,2,9,23.4,8.3,0.19,0.269,0.252,0.248,0.062,0.22,0.296,0.271,0.269
595879,"Báez, Javier",Javier Báez,DET,192,183,43,28,11,1,3,40,6,2,19,20.8,3.1,0.235,0.266,0.355,0.284,0.12,0.235,0.317,0.261,0.266
669743,"Call, Alex",Alex Call,LAD,192,160,37,28,8,0,1,35,23,7,19,18.2,12.0,0.231,0.349,0.3,0.286,0.06899999999999998,0.201,0.256,0.276,0.349
703601,"Clark, Max",Max Clark,DET,192,166,47,30,11,3,3,37,18,4,23,19.3,9.4,0.283,0.365,0.44,0.346,0.15700000000000003,0.275,0.359,0.327,0.365
690984,"Halpin, Petey",Petey Halpin,CLE,189,174,39,30,4,1,4,35,7,2,13,18.5,3.7,0.224,0.261,0.328,0.257,0.10400000000000001,0.25,0.378,0.29,0.261
656484,"Gray, Tristan",Tristan Gray,MIN,188,173,39,30,5,0,4,60,10,1,29,31.9,5.3,0.225,0.267,0.324,0.312,0.099,0.218,0.322,0.263,0.267
663494,"Torres, Bryan",Bryan Torres,STL,186,164,38,31,1,2,4,38,18,1,19,20.4,9.7,0.232,0.308,0.335,0.274,0.10300000000000001,0.232,0.335,0.288,0.308
695720,"White, Tommy",Tommy White,OAK,186,180,45,37,5,0,3,31,5,0,9,16.7,2.7,0.25,0.269,0.328,0.286,0.07800000000000001,0.265,0.38,0.292,0.269
543309,"Higashioka, Kyle",Kyle Higashioka,TEX,186,165,36,25,4,0,7,47,19,2,18,25.3,10.2,0.218,0.306,0.37,0.261,0.152,0.219,0.351,0.295,0.306
682818,"Piñango, Yohendrick",Yohendrick Piñango,TOR,180,169,44,31,8,0,5,44,11,0,20,24.4,6.1,0.26,0.306,0.396,0.325,0.136,0.262,0.398,0.309,0.306
643396,"Kiner-Falefa, Isiah",Isiah Kiner-Falefa,BOS,176,156,37,30,5,0,2,27,17,0,16,15.3,9.7,0.237,0.312,0.308,0.276,0.07100000000000001,0.257,0.322,0.296,0.312
672761,"Pérez, Wenceel",Wenceel Pérez,DET,175,161,29,17,4,1,7,29,14,0,17,16.6,8.0,0.18,0.246,0.348,0.176,0.16799999999999998,0.203,0.348,0.272,0.246
663330,"Jones, Jahmai",Jahmai Jones,BOS,175,155,33,20,6,1,6,56,16,4,16,32.0,9.1,0.213,0.303,0.381,0.29,0.168,0.23,0.42,0.325,0.303
687597,"Beck, Jordan",Jordan Beck,COL,175,161,31,21,7,2,1,55,13,0,11,31.4,7.4,0.193,0.251,0.28,0.283,0.08700000000000002,0.207,0.287,0.248,0.251
642215,"Wilson, Weston",Weston Wilson,SEA,175,157,33,24,5,0,4,55,17,1,13,31.4,9.7,0.21,0.291,0.318,0.296,0.10800000000000001,0.194,0.283,0.257,0.291
678011,"Seigler, Anthony",Anthony Seigler,BOS,173,150,37,21,12,1,3,28,18,1,13,16.2,10.4,0.247,0.327,0.4,0.281,0.15300000000000002,0.241,0.37,0.312,0.327
703520,"Bateman, Brett",Brett Bateman,TOR,172,150,48,39,6,1,2,34,17,2,11,19.8,9.9,0.32,0.394,0.413,0.4,0.09299999999999997,0.26,0.33,0.306,0.394
668670,"Rogers, Jake",Jake Rogers,CWS,171,143,23,14,4,1,4,51,23,1,14,29.8,13.5,0.161,0.276,0.287,0.209,0.12599999999999997,0.171,0.296,0.267,0.276
681546,"Outman, James",James Outman,DET,170,157,27,16,4,2,5,71,10,3,17,41.8,5.9,0.172,0.235,0.318,0.272,0.14600000000000002,0.162,0.273,0.225,0.235
678489,"Barrosa, Jorge",Jorge Barrosa,HOU,169,141,28,13,12,1,2,45,16,2,12,26.6,9.5,0.199,0.288,0.34,0.274,0.14100000000000001,0.166,0.253,0.239,0.288
695336,"Saggese, Thomas",Thomas Saggese,STL,169,151,36,26,5,1,4,45,13,2,13,26.6,7.7,0.238,0.302,0.364,0.305,0.126,0.245,0.414,0.318,0.302
669392,"Taylor, Samad",Samad Taylor,SD,168,145,47,39,4,2,2,44,18,1,18,26.2,10.7,0.324,0.4,0.421,0.45,0.09699999999999998,0.258,0.332,0.315,0.4
516782,"Marte, Starling",Starling Marte,KC,168,153,37,30,5,0,2,41,9,4,14,24.4,5.4,0.242,0.298,0.314,0.312,0.07200000000000001,0.23,0.364,0.287,0.298
806146,"Jr., George Lombard",George Lombard Jr.,NYY,162,148,36,24,4,1,7,42,10,1,22,25.9,6.2,0.243,0.292,0.426,0.287,0.183,0.234,0.368,0.289,0.292
691740,"Susac, Daniel",Daniel Susac,SF,161,144,35,23,8,1,3,36,8,3,22,22.4,5.0,0.243,0.289,0.375,0.294,0.132,0.249,0.369,0.296,0.289
669397,"Allen, Nick",Nick Allen,HOU,161,144,40,31,6,0,3,32,10,1,14,19.9,6.2,0.278,0.323,0.382,0.33,0.10399999999999998,0.216,0.269,0.244,0.323
695490,"Arroyo, Edwin",Edwin Arroyo,CIN,160,148,33,28,4,1,0,38,6,3,5,23.8,3.8,0.223,0.266,0.264,0.297,0.04100000000000001,0.268,0.348,0.291,0.266
701852,"Cavanaugh, Drew",Drew Cavanaugh,SF,160,138,31,27,3,0,1,47,18,0,11,29.4,11.2,0.225,0.314,0.268,0.333,0.04300000000000001,0.237,0.34,0.302,0.314
682848,"Rodríguez, Endy",Endy Rodríguez,PIT,159,135,36,23,6,0,7,41,23,0,20,25.8,14.5,0.267,0.373,0.467,0.333,0.2,0.245,0.403,0.338,0.373
680977,"Donovan, Brendan",Brendan Donovan,SEA,159,137,38,27,7,1,3,23,15,6,15,14.5,9.4,0.277,0.371,0.409,0.312,0.13199999999999995,0.25,0.344,0.314,0.371
543510,"McCann, James",James McCann,ARI,157,147,42,30,6,0,6,39,6,1,26,24.8,3.8,0.286,0.316,0.449,0.35,0.16300000000000003,0.229,0.39,0.285,0.316
813841,"Cox, Jonah",Jonah Cox,SF,157,139,37,28,3,2,4,60,10,0,16,38.2,6.4,0.266,0.315,0.403,0.44,0.137,0.213,0.332,0.265,0.315
687231,"Hernaiz, Darell",Darell Hernaiz,OAK,157,137,32,28,3,0,1,31,16,1,9,19.7,10.2,0.234,0.316,0.277,0.292,0.04300000000000001,0.216,0.267,0.262,0.316
694362,"Dunn, Blake",Blake Dunn,CIN,155,142,40,30,7,1,2,33,10,2,7,21.3,6.5,0.282,0.335,0.387,0.352,0.10500000000000004,0.242,0.319,0.28,0.335
804668,"Jr., Rafael Flores",Rafael Flores Jr.,PIT,155,140,38,22,6,0,10,43,15,0,22,27.7,9.7,0.271,0.342,0.529,0.322,0.258,0.252,0.507,0.354,0.342
676694,"Meyers, Jake",Jake Meyers,HOU,153,141,30,20,7,0,3,31,10,1,11,20.3,6.5,0.213,0.268,0.326,0.25,0.11300000000000002,0.205,0.316,0.256,0.268
670231,"Rave, John",John Rave,KC,153,135,31,16,8,1,6,37,16,0,13,24.2,10.5,0.23,0.311,0.437,0.272,0.207,0.232,0.384,0.311,0.311
686452,"Millas, Drew",Drew Millas,WSH,152,130,24,18,4,0,2,37,14,3,11,24.3,9.2,0.185,0.277,0.262,0.239,0.07700000000000001,0.204,0.282,0.266,0.277
624431,"Trevino, Jose",Jose Trevino,CIN,152,148,32,24,3,0,5,29,1,0,19,19.1,0.7,0.216,0.22,0.338,0.235,0.12200000000000003,0.21,0.292,0.22,0.22
688363,"Pauley, Graham",Graham Pauley,MIA,150,138,29,15,9,1,4,37,8,1,25,24.7,5.3,0.21,0.257,0.377,0.255,0.167,0.192,0.312,0.244,0.257
676914,"Schneider, Davis",Davis Schneider,TOR,149,120,18,7,6,0,5,49,27,0,15,32.9,18.1,0.15,0.304,0.325,0.194,0.17500000000000002,0.153,0.287,0.281,0.304
645302,"Robles, Victor",Victor Robles,SEA,149,133,34,29,3,2,0,22,9,3,9,14.8,6.0,0.256,0.315,0.308,0.304,0.05199999999999999,0.238,0.321,0.28,0.315
641598,"Garver, Mitch",Mitch Garver,SEA,149,126,22,15,3,0,4,49,22,1,15,32.9,14.8,0.175,0.302,0.294,0.247,0.119,0.194,0.341,0.301,0.302
699625,"Crooks, Jimmy",Jimmy Crooks,STL,149,134,24,13,6,0,5,48,9,5,14,32.2,6.0,0.179,0.255,0.336,0.232,0.15700000000000003,0.198,0.397,0.294,0.255
823550,"Song, Sung-Mun",Sung-Mun Song,SD,148,126,23,18,4,0,1,30,18,0,16,20.3,12.2,0.183,0.283,0.238,0.229,0.05499999999999999,0.178,0.264,0.249,0.283
624428,"Frazier, Adam",Adam Frazier,LAA,147,129,31,20,9,1,1,39,11,3,13,26.5,7.5,0.24,0.315,0.349,0.337,0.10899999999999999,0.223,0.294,0.265,0.315
672356,"Arias, Gabriel",Gabriel Arias,CHC,147,139,34,26,3,0,5,60,8,0,13,40.8,5.4,0.245,0.286,0.374,0.392,0.129,0.221,0.373,0.275,0.286
596146,"Kepler, Max",Max Kepler,ARI,145,132,27,18,7,0,2,32,11,0,15,22.1,7.6,0.205,0.262,0.303,0.25,0.098,0.211,0.336,0.27,0.262
593871,"Polanco, Jorge",Jorge Polanco,NYM,145,135,20,13,5,0,2,36,9,0,6,24.8,6.2,0.148,0.201,0.23,0.186,0.08200000000000002,0.189,0.284,0.234,0.201
664774,"Jr., LaMonte Wade",LaMonte Wade Jr.,HOU,144,126,26,16,6,0,4,36,18,0,19,25.0,12.5,0.206,0.306,0.349,0.256,0.143,0.188,0.287,0.265,0.306
669004,"Melendez, MJ",MJ Melendez,NYM,144,120,23,13,5,1,4,50,17,5,11,34.7,11.8,0.192,0.315,0.35,0.284,0.15799999999999997,0.166,0.317,0.28,0.315
686475,"Tolbert, Tyler",Tyler Tolbert,KC,144,126,37,29,5,0,3,29,12,1,8,20.1,8.3,0.294,0.357,0.405,0.358,0.11100000000000004,0.246,0.314,0.293,0.357
694371,"Troy, Tommy",Tommy Troy,ARI,143,129,28,20,3,1,4,34,13,0,9,23.8,9.1,0.217,0.289,0.349,0.264,0.13199999999999998,0.229,0.393,0.304,0.289
678545,"Basabe, Osleivis",Osleivis Basabe,SF,142,128,26,18,3,0,5,28,9,3,13,19.7,6.3,0.203,0.27,0.344,0.219,0.14099999999999996,0.231,0.345,0.285,0.27
621043,"Correa, Carlos",Carlos Correa,HOU,141,122,34,23,8,0,3,26,18,0,16,18.4,12.8,0.279,0.369,0.418,0.33,0.13899999999999996,0.289,0.459,0.364,0.369
660844,"Rivas, Leo",Leo Rivas,SEA,141,118,18,14,3,1,0,39,16,4,10,27.7,11.3,0.153,0.273,0.195,0.225,0.04200000000000001,0.171,0.232,0.25,0.273
699302,"Rodríguez, Héctor",Héctor Rodríguez,CIN,140,132,29,18,4,1,6,38,7,1,14,27.1,5.0,0.22,0.264,0.402,0.261,0.18200000000000002,0.194,0.308,0.245,0.264
673490,"Kim, Ha-Seong",Ha-Seong Kim,ATL,139,124,14,13,1,0,0,36,13,1,9,25.9,9.4,0.113,0.203,0.121,0.159,0.007999999999999993,0.151,0.2,0.209,0.203
687957,"Harris, Dustin",Dustin Harris,SD,138,120,34,27,4,3,0,20,10,3,19,14.5,7.2,0.283,0.346,0.367,0.33,0.08400000000000002,0.27,0.355,0.313,0.346
691019,"Teel, Kyle",Kyle Teel,CWS,136,112,22,14,3,0,5,49,19,4,24,36.0,14.0,0.196,0.333,0.357,0.293,0.16099999999999998,0.2,0.348,0.305,0.333
701162,"Malgeri, Ben",Ben Malgeri,DET,136,116,29,19,5,0,5,35,17,2,20,25.7,12.5,0.25,0.353,0.422,0.312,0.172,0.24,0.353,0.317,0.353
695681,"Moore, Christian",Christian Moore,LAA,135,125,23,17,4,1,1,46,8,1,15,34.1,5.9,0.184,0.237,0.256,0.278,0.07200000000000001,0.183,0.281,0.231,0.237
670242,"Wallner, Matt",Matt Wallner,MIN,135,120,20,13,3,0,4,53,10,5,10,39.3,7.4,0.167,0.259,0.292,0.254,0.12499999999999997,0.2,0.333,0.281,0.259
694197,"Genao, Angel",Angel Genao,CLE,134,123,26,20,4,0,2,21,10,1,6,15.7,7.5,0.211,0.276,0.293,0.24,0.08199999999999999,0.239,0.335,0.285,0.276
694673,"Ortiz, Abimelec",Abimelec Ortiz,WSH,131,124,24,14,5,0,5,34,7,0,13,26.0,5.3,0.194,0.237,0.355,0.224,0.16099999999999998,0.217,0.393,0.279,0.237
808975,"Kim, Hyeseong",Hyeseong Kim,LAD,131,116,30,25,3,1,1,31,12,0,11,23.7,9.2,0.259,0.323,0.328,0.337,0.069,0.261,0.341,0.304,0.323
660162,"Moncada, Yoán",Yoán Moncada,LAA,130,111,21,16,1,1,3,45,17,2,10,34.6,13.1,0.189,0.308,0.297,0.286,0.10799999999999998,0.169,0.286,0.269,0.308
691783,"Lawlar, Jordan",Jordan Lawlar,ARI,129,117,30,19,5,1,5,38,5,6,15,29.5,3.9,0.256,0.32,0.444,0.338,0.188,0.248,0.401,0.315,0.32
608701,"Refsnyder, Rob",Rob Refsnyder,SEA,129,114,16,11,1,0,4,37,8,3,11,28.7,6.2,0.14,0.211,0.254,0.158,0.11399999999999999,0.17,0.316,0.255,0.211
663698,"Bart, Joey",Joey Bart,CWS,128,112,24,16,4,0,4,35,7,8,13,27.3,5.5,0.214,0.305,0.357,0.27,0.143,0.203,0.362,0.295,0.305
680664,"Valencia, Eduardo",Eduardo Valencia,DET,124,118,40,21,13,0,6,29,3,2,18,23.4,2.4,0.339,0.366,0.602,0.41,0.26299999999999996,0.276,0.523,0.354,0.366
805347,"Jarvis, Jim",Jim Jarvis,ATL,124,111,23,16,5,1,1,23,8,1,11,18.5,6.5,0.207,0.267,0.297,0.253,0.09,0.234,0.304,0.268,0.267
592206,"Castellanos, Nick",Nick Castellanos,SD,122,115,22,13,5,0,4,34,5,0,20,27.9,4.1,0.191,0.221,0.339,0.228,0.14800000000000002,0.244,0.4,0.285,0.221
694388,"Loperfido, Joey",Joey Loperfido,HOU,121,103,22,13,7,1,1,32,14,1,12,26.4,11.6,0.214,0.311,0.33,0.296,0.11600000000000002,0.229,0.334,0.294,0.311
687515,"Thomas, Colby",Colby Thomas,OAK,121,114,23,16,3,0,4,37,4,1,11,30.6,3.3,0.202,0.235,0.333,0.26,0.131,0.182,0.357,0.248,0.235
677950,"Thomas, Alek",Alek Thomas,LAD,120,113,21,9,10,0,2,27,4,2,13,22.5,3.3,0.186,0.227,0.327,0.226,0.14100000000000001,0.232,0.374,0.282,0.227
701785,"Culpepper, Kaelen",Kaelen Culpepper,MIN,120,109,30,22,5,0,3,25,6,4,11,20.8,5.0,0.275,0.333,0.404,0.329,0.129,0.245,0.365,0.298,0.333
806367,"Hill, Turner",Turner Hill,SF,118,100,22,15,6,0,1,19,13,2,15,16.1,11.0,0.22,0.314,0.31,0.253,0.09,0.248,0.358,0.317,0.314
694377,"Yorke, Nick",Nick Yorke,PIT,117,104,22,17,4,0,1,26,9,2,12,22.2,7.7,0.212,0.284,0.279,0.269,0.06700000000000003,0.235,0.335,0.289,0.284
672820,"Sosa, Lenyn",Lenyn Sosa,TOR,117,113,22,14,7,0,1,25,1,1,9,21.4,0.9,0.195,0.207,0.283,0.239,0.08799999999999997,0.222,0.345,0.249,0.207
694376,"Whitcomb, Shay",Shay Whitcomb,SF,116,110,21,14,3,0,4,33,4,0,13,28.4,3.4,0.191,0.219,0.327,0.233,0.136,0.207,0.373,0.262,0.219
666181,"Benson, Will",Will Benson,CIN,114,96,18,11,3,1,3,38,16,1,6,33.3,14.0,0.188,0.31,0.333,0.273,0.14500000000000002,0.189,0.355,0.3,0.31
695670,"Ford, Harry",Harry Ford,WSH,114,97,18,9,6,0,3,28,16,1,10,24.6,14.0,0.186,0.307,0.34,0.227,0.15400000000000003,0.184,0.323,0.288,0.307
669221,"Murphy, Sean",Sean Murphy,ATL,114,103,17,10,4,0,3,36,11,0,10,31.6,9.6,0.165,0.246,0.291,0.219,0.12599999999999997,0.187,0.309,0.252,0.246
656976,"Smith, Pavin",Pavin Smith,ARI,113,100,19,13,3,0,3,23,12,0,12,20.4,10.6,0.19,0.274,0.31,0.213,0.12,0.211,0.314,0.279,0.274
664056,"Bader, Harrison",Harrison Bader,SF,111,106,18,8,5,0,5,34,4,0,14,30.6,3.6,0.17,0.198,0.358,0.191,0.18799999999999997,0.215,0.367,0.272,0.198
677592,"Pereira, Everson",Everson Pereira,STL,111,98,23,13,5,0,5,37,6,5,12,33.3,5.4,0.235,0.309,0.439,0.316,0.20400000000000001,0.205,0.4,0.299,0.309
676369,"Velázquez, Nelson",Nelson Velázquez,HOU,111,100,19,9,4,0,6,38,8,1,18,34.2,7.2,0.19,0.252,0.41,0.224,0.21999999999999997,0.233,0.489,0.338,0.252
663604,"Lockridge, Brandon",Brandon Lockridge,MIL,111,99,27,23,4,0,0,32,11,0,12,28.8,9.9,0.273,0.345,0.313,0.403,0.03999999999999998,0.216,0.262,0.258,0.345
668942,"Rojas, Josh",Josh Rojas,KC,110,101,24,18,4,0,2,16,5,1,14,14.5,4.5,0.238,0.278,0.337,0.262,0.09900000000000003,0.187,0.261,0.22,0.278
695491,"Báez, Joshua",Joshua Báez,STL,108,100,23,9,7,0,7,33,4,3,18,30.6,3.7,0.23,0.278,0.51,0.262,0.28,0.212,0.446,0.303,0.278
682997,"Callihan, Tyler",Tyler Callihan,PIT,107,95,20,11,4,2,3,38,9,1,15,35.5,8.4,0.211,0.283,0.389,0.309,0.17800000000000002,0.185,0.296,0.252,0.283
682674,"Bericoto, Victor",Victor Bericoto,SF,106,103,24,15,4,0,5,29,3,0,15,27.4,2.8,0.233,0.255,0.417,0.275,0.18399999999999997,0.23,0.455,0.3,0.255
682877,"Brito, Juan",Juan Brito,CIN,103,95,24,15,6,0,3,23,6,1,14,22.3,5.8,0.253,0.301,0.411,0.3,0.15799999999999997,0.245,0.386,0.299,0.301
663368,"Perkins, Blake",Blake Perkins,MIL,101,89,14,7,6,0,1,22,10,1,11,21.8,9.9,0.157,0.25,0.258,0.197,0.101,0.196,0.295,0.264,0.25
666624,"Morel, Christopher",Christopher Morel,NYM,101,94,17,12,4,0,1,34,6,1,6,33.7,5.9,0.181,0.238,0.255,0.271,0.07400000000000001,0.179,0.243,0.218,0.238
602104,"Urías, Ramón",Ramón Urías,STL,100,86,13,6,3,0,4,18,9,4,9,18.0,9.0,0.151,0.26,0.326,0.138,0.17500000000000002,0.191,0.381,0.302,0.26
807727,"McAdoo, Charles",Charles McAdoo,TOR,99,91,22,17,3,0,2,24,7,0,12,24.2,7.1,0.242,0.293,0.341,0.303,0.09900000000000003,0.235,0.329,0.275,0.293
666310,"Naylor, Bo",Bo Naylor,MIL,98,91,14,9,2,0,3,24,7,0,10,24.5,7.1,0.154,0.214,0.275,0.172,0.12100000000000002,0.216,0.4,0.293,0.214
687749,"Bowen, Jase",Jase Bowen,SD,98,92,14,9,2,1,2,38,3,2,7,38.8,3.1,0.152,0.196,0.261,0.231,0.10900000000000001,0.199,0.331,0.251,0.196
669720,"Hays, Austin",Austin Hays,SD,98,94,26,20,3,0,3,26,3,0,13,26.5,3.1,0.277,0.296,0.404,0.348,0.127,0.284,0.394,0.299,0.296
641584,"Fraley, Jake",Jake Fraley,TB,97,88,19,10,7,0,2,29,9,0,5,29.9,9.3,0.216,0.289,0.364,0.298,0.148,0.196,0.331,0.27,0.289
519317,"Stanton, Giancarlo",Giancarlo Stanton,NYY,96,90,23,14,6,0,3,29,6,0,14,30.2,6.2,0.256,0.302,0.422,0.345,0.16599999999999998,0.245,0.466,0.326,0.302
665561,"Marchán, Rafael",Rafael Marchán,PHI,95,91,9,7,0,0,2,15,2,2,6,15.8,2.1,0.099,0.137,0.165,0.095,0.066,0.176,0.241,0.202,0.137
683227,"Freeman, Cody",Cody Freeman,TEX,93,82,21,18,1,1,1,14,7,1,6,15.1,7.5,0.256,0.322,0.329,0.299,0.07300000000000001,0.189,0.244,0.234,0.322
640902,"Pereda, Jhonny",Jhonny Pereda,SEA,93,84,25,22,1,0,2,17,7,1,8,18.3,7.5,0.298,0.355,0.381,0.348,0.08300000000000002,0.31,0.409,0.348,0.355
641555,"Escarra, J.C.",J.C. Escarra,NYY,92,85,16,10,5,1,0,18,6,0,7,19.6,6.5,0.188,0.239,0.271,0.235,0.08300000000000002,0.206,0.308,0.257,0.239
696135,"Watson, Kahlil",Kahlil Watson,CLE,91,88,21,14,6,0,1,32,3,0,11,35.2,3.3,0.239,0.264,0.341,0.364,0.10200000000000004,0.209,0.33,0.246,0.264
702176,"Roden, Alan",Alan Roden,MIN,91,77,22,17,4,0,1,12,11,0,14,13.2,12.1,0.286,0.367,0.377,0.318,0.09100000000000003,0.29,0.406,0.351,0.367
660710,"Durán, Rodolfo",Rodolfo Durán,SD,91,82,12,5,4,0,3,24,7,1,8,26.4,7.7,0.146,0.222,0.305,0.164,0.159,0.18,0.323,0.257,0.222
669699,"Shewmake, Braden",Braden Shewmake,MIL,91,85,22,14,5,0,3,16,2,0,10,17.6,2.2,0.259,0.27,0.424,0.279,0.16499999999999998,0.246,0.411,0.294,0.27
687529,"McCray, Grant",Grant McCray,SF,90,76,11,6,2,1,2,27,11,0,4,30.0,12.2,0.145,0.253,0.276,0.191,0.13100000000000003,0.213,0.355,0.295,0.253
699024,"Bernal, Leo",Leo Bernal,STL,90,85,24,17,3,0,4,22,5,0,18,24.4,5.6,0.282,0.322,0.459,0.339,0.17700000000000005,0.284,0.501,0.355,0.322
642851,"Wynns, Austin",Austin Wynns,TEX,89,82,12,11,0,0,1,24,5,0,1,27.0,5.6,0.146,0.195,0.183,0.193,0.037000000000000005,0.2,0.29,0.24,0.195
687282,"Jr., Gabriel Rincones",Gabriel Rincones Jr.,PHI,89,84,14,8,4,0,2,29,2,2,7,32.6,2.2,0.167,0.202,0.286,0.222,0.11899999999999997,0.15,0.276,0.205,0.202
645305,"Sánchez, Ali",Ali Sánchez,NYY,88,83,20,17,2,0,1,25,1,2,8,28.4,1.1,0.241,0.264,0.301,0.328,0.06,0.24,0.306,0.252,0.264
571771,"Hernández, Enrique",Enrique Hernández,LAD,87,81,18,11,4,0,3,27,6,0,11,31.0,6.9,0.222,0.276,0.383,0.294,0.161,0.218,0.346,0.274,0.276
680474,"Schuemann, Max",Max Schuemann,NYY,87,72,14,6,6,0,2,21,12,3,8,24.1,13.8,0.194,0.333,0.361,0.245,0.16699999999999998,0.203,0.336,0.312,0.333
690924,"Fulford, Braxton",Braxton Fulford,COL,85,74,13,8,4,0,1,34,8,1,7,40.0,9.4,0.176,0.259,0.27,0.293,0.09400000000000003,0.134,0.224,0.208,0.259
606992,"Haase, Eric",Eric Haase,SF,84,74,12,5,3,0,4,28,6,1,9,33.3,7.1,0.162,0.235,0.365,0.19,0.20299999999999999,0.184,0.361,0.271,0.235
672284,"Kelenic, Jarred",Jarred Kelenic,TEX,83,73,16,13,2,0,1,31,10,0,6,37.3,12.0,0.219,0.313,0.288,0.366,0.06899999999999998,0.231,0.431,0.331,0.313
686894,"Wiemer, Joey",Joey Wiemer,WSH,83,70,20,11,5,1,3,29,12,1,12,34.9,14.5,0.286,0.398,0.514,0.447,0.22800000000000004,0.217,0.349,0.315,0.398
691182,"Amador, Adael",Adael Amador,COL,83,73,21,12,5,0,4,10,8,1,14,12.0,9.6,0.288,0.366,0.521,0.288,0.23300000000000004,0.198,0.299,0.264,0.366
457705,"McCutchen, Andrew",Andrew McCutchen,TEX,83,73,14,11,2,0,1,22,9,0,5,26.5,10.8,0.192,0.277,0.26,0.255,0.068,0.164,0.265,0.237,0.277
672016,"Clarke, Denzel",Denzel Clarke,OAK,83,72,11,10,1,0,0,28,8,0,6,33.7,9.6,0.153,0.238,0.167,0.25,0.014000000000000012,0.163,0.187,0.208,0.238
701305,"Dezenzo, Zach",Zach Dezenzo,HOU,82,75,16,11,4,0,1,31,7,0,3,37.8,8.5,0.213,0.28,0.307,0.349,0.094,0.191,0.294,0.249,0.28
661531,"Serven, Brian",Brian Serven,OAK,82,78,14,8,1,0,5,21,3,1,14,25.6,3.7,0.179,0.22,0.385,0.173,0.20600000000000002,0.218,0.372,0.274,0.22
805805,"Jenkins, Walker",Walker Jenkins,MIN,81,72,16,10,2,0,4,17,7,1,10,21.0,8.6,0.222,0.3,0.417,0.235,0.19499999999999998,0.233,0.405,0.315,0.3
518595,"d'Arnaud, Travis",Travis d'Arnaud,LAA,80,72,12,8,3,0,1,24,6,2,3,30.0,7.5,0.167,0.25,0.25,0.234,0.08299999999999999,0.156,0.291,0.242,0.25
650559,"Cruz, Bryan De La",Bryan De La Cruz,PHI,80,71,21,15,4,0,2,17,5,2,12,21.2,6.2,0.296,0.35,0.437,0.352,0.14100000000000001,0.238,0.349,0.288,0.35
694514,"Thompson, Sterlin",Sterlin Thompson,COL,77,69,16,10,4,0,2,21,5,3,10,27.3,6.5,0.232,0.312,0.377,0.304,0.145,0.219,0.357,0.295,0.312
691728,"Veen, Zac",Zac Veen,COL,76,66,16,9,3,1,3,30,7,1,13,39.5,9.2,0.242,0.324,0.455,0.394,0.21300000000000002,0.183,0.325,0.27,0.324
668800,"Knizner, Andrew",Andrew Knizner,SF,75,68,16,10,4,0,2,13,4,3,4,17.3,5.3,0.235,0.307,0.382,0.264,0.14700000000000002,0.227,0.353,0.291,0.307
596103,"Slater, Austin",Austin Slater,TB,74,65,15,12,3,0,0,21,8,0,3,28.4,10.8,0.231,0.311,0.277,0.333,0.04600000000000001,0.182,0.236,0.235,0.311
663853,"Gonzalez, Romy",Romy Gonzalez,BOS,73,65,12,7,3,1,1,21,5,2,7,28.8,6.8,0.185,0.264,0.308,0.256,0.123,0.231,0.335,0.289,0.264
807726,"Peck, John",John Peck,DET,73,61,10,9,1,0,0,16,9,2,7,21.9,12.3,0.164,0.288,0.18,0.217,0.015999999999999986,0.229,0.364,0.327,0.288
814430,"Callahan, Brett",Brett Callahan,DET,73,66,14,9,3,1,1,25,5,1,8,34.2,6.8,0.212,0.274,0.333,0.317,0.12100000000000002,0.223,0.398,0.301,0.274
656577,"Jackson, Alex",Alex Jackson,MIN,73,69,21,16,4,0,1,24,2,2,5,32.9,2.7,0.304,0.342,0.406,0.455,0.10200000000000004,0.187,0.258,0.222,0.342
801126,"Rodden, Brock",Brock Rodden,SEA,72,61,12,8,3,1,0,24,10,0,4,33.3,13.9,0.197,0.306,0.279,0.316,0.08200000000000002,0.135,0.227,0.233,0.306
811965,"Kuroda-Grauer, Joshua",Joshua Kuroda-Grauer,OAK,69,66,25,17,7,0,1,10,2,1,4,14.5,2.9,0.379,0.406,0.53,0.436,0.15100000000000002,0.308,0.404,0.32,0.406
677956,"Hinds, Rece",Rece Hinds,BAL,66,58,9,4,5,0,0,27,5,1,6,40.9,7.6,0.155,0.227,0.241,0.273,0.086,0.146,0.19,0.199,0.227
695508,"Cauley, Cam",Cam Cauley,TEX,65,58,12,7,3,1,1,15,5,1,1,23.1,7.7,0.207,0.281,0.345,0.262,0.13799999999999998,0.192,0.238,0.235,0.281
669326,"Teodosio, Bryce",Bryce Teodosio,LAA,64,59,12,10,2,0,0,23,4,0,4,35.9,6.2,0.203,0.254,0.237,0.333,0.033999999999999975,0.158,0.227,0.203,0.254
596117,"Stubbs, Garrett",Garrett Stubbs,PHI,63,58,9,9,0,0,0,14,2,2,3,22.2,3.2,0.155,0.206,0.155,0.2,0.0,0.18,0.218,0.205,0.206
682927,"Simon, Ronny",Ronny Simon,PIT,63,58,16,12,3,0,1,10,4,0,4,15.9,6.3,0.276,0.323,0.379,0.319,0.10299999999999998,0.275,0.393,0.311,0.323
663611,"Madrigal, Nick",Nick Madrigal,TB,63,54,15,13,2,0,0,3,7,1,3,4.8,11.1,0.278,0.365,0.315,0.288,0.03699999999999998,0.238,0.291,0.293,0.365
670097,"Short, Zack",Zack Short,NYM,62,50,7,5,2,0,0,19,8,1,2,30.6,12.9,0.14,0.262,0.18,0.212,0.03999999999999998,0.159,0.269,0.256,0.262
815873,"Keys, Sean",Sean Keys,TOR,61,55,11,7,2,0,2,20,3,1,9,32.8,4.9,0.2,0.25,0.345,0.265,0.14499999999999996,0.209,0.34,0.259,0.25
669899,"Ward, Ryan",Ryan Ward,LAD,60,55,12,5,4,0,3,17,5,0,12,28.3,8.3,0.218,0.283,0.455,0.257,0.23700000000000002,0.239,0.424,0.316,0.283
669289,"Espinal, Santiago",Santiago Espinal,LAD,60,56,15,11,3,0,1,8,1,0,7,13.3,1.7,0.268,0.276,0.375,0.292,0.10699999999999998,0.285,0.374,0.29,0.276
649966,"Urías, Luis",Luis Urías,TOR,59,52,13,7,3,0,3,10,6,0,8,16.9,10.2,0.25,0.322,0.481,0.25,0.23099999999999998,0.237,0.351,0.299,0.322
683679,"Rodriguez, Jesus",Jesus Rodriguez,SF,58,51,12,7,3,0,2,8,5,1,8,13.8,8.6,0.235,0.316,0.412,0.244,0.177,0.267,0.355,0.315,0.316
650968,"Pozo, Yohel",Yohel Pozo,BAL,58,56,14,12,1,0,1,7,1,0,7,12.1,1.7,0.25,0.259,0.321,0.265,0.07100000000000001,0.24,0.301,0.242,0.259
640459,"Navarreto, Brian",Brian Navarreto,MIA,58,50,7,3,3,0,1,20,2,2,3,34.5,3.4,0.14,0.2,0.26,0.2,0.12,0.128,0.181,0.176,0.2
663697,"India, Jonathan",Jonathan India,KC,58,48,8,5,1,0,2,13,8,2,8,22.4,13.8,0.167,0.31,0.313,0.182,0.146,0.173,0.289,0.284,0.31
681987,"Eaton, Nate",Nate Eaton,BOS,58,48,7,4,2,0,1,15,8,2,6,25.9,13.8,0.146,0.293,0.25,0.188,0.10400000000000001,0.175,0.289,0.285,0.293
665861,"Rivero, Sebastián",Sebastián Rivero,LAA,57,53,13,11,2,0,0,12,3,0,8,21.1,5.3,0.245,0.286,0.283,0.317,0.03799999999999998,0.261,0.304,0.272,0.286
677595,"Mauricio, Ronny",Ronny Mauricio,NYM,54,52,9,7,1,0,1,19,1,1,3,35.2,1.9,0.173,0.204,0.25,0.25,0.07700000000000001,0.176,0.289,0.218,0.204
694410,"Groover, LuJames",LuJames Groover,ARI,54,48,8,5,2,0,1,11,5,1,4,20.4,9.3,0.167,0.259,0.271,0.194,0.10400000000000001,0.215,0.328,0.286,0.259
703155,"Montes, Lazaro",Lazaro Montes,SEA,53,48,10,5,1,0,4,23,5,0,10,43.4,9.4,0.208,0.283,0.479,0.286,0.271,0.192,0.471,0.319,0.283
695257,"Cook, Billy",Billy Cook,PIT,53,51,9,7,1,1,0,20,1,1,2,37.7,1.9,0.176,0.208,0.235,0.29,0.059,0.14,0.194,0.166,0.208
805904,"Cole, Zach",Zach Cole,HOU,53,51,8,4,1,0,3,21,1,1,8,39.6,1.9,0.157,0.189,0.353,0.185,0.19599999999999998,0.209,0.438,0.289,0.189
676572,"Wagaman, Eric",Eric Wagaman,NYM,52,47,9,7,0,0,2,12,4,1,5,23.1,7.7,0.191,0.269,0.319,0.212,0.128,0.227,0.362,0.296,0.269
644433,"Tromp, Chadwick",Chadwick Tromp,BAL,51,49,8,7,1,0,0,13,0,0,4,25.5,0.0,0.163,0.16,0.184,0.216,0.02099999999999999,0.174,0.217,0.17,0.16
691373,"Garcia, Jhostynxon",Jhostynxon Garcia,PIT,50,48,8,7,1,0,0,16,1,1,2,32.0,2.0,0.167,0.2,0.188,0.25,0.02099999999999999,0.211,0.301,0.24,0.2
606115,"Arcia, Orlando",Orlando Arcia,MIN,50,48,13,11,1,0,1,8,2,0,2,16.0,4.0,0.271,0.3,0.354,0.308,0.08299999999999996,0.223,0.298,0.245,0.3
621550,"Wisdom, Patrick",Patrick Wisdom,SEA,50,47,5,3,1,0,1,21,3,0,4,42.0,6.0,0.106,0.16,0.191,0.16,0.085,0.158,0.359,0.236,0.16
669369,"Johnson, Bryce",Bryce Johnson,SD,49,45,8,6,2,0,0,18,3,0,2,36.7,6.1,0.178,0.229,0.222,0.296,0.04400000000000001,0.147,0.166,0.172,0.229
828599,"Spence, Lucas",Lucas Spence,HOU,49,44,9,5,1,0,3,17,4,1,8,34.7,8.2,0.205,0.286,0.432,0.25,0.227,0.164,0.234,0.231,0.286
671083,"Kennedy, Buddy",Buddy Kennedy,SF,49,43,5,4,1,0,0,15,5,1,1,30.6,10.2,0.116,0.224,0.14,0.179,0.024000000000000007,0.167,0.264,0.249,0.224
681047,"Franklin, Christian",Christian Franklin,BAL,49,40,5,3,2,0,0,12,7,2,0,24.5,14.3,0.125,0.286,0.175,0.179,0.04999999999999999,0.164,0.307,0.292,0.286
664059,"Haggerty, Sam",Sam Haggerty,TEX,47,44,7,6,1,0,0,16,2,1,1,34.0,4.3,0.159,0.213,0.182,0.25,0.022999999999999993,0.156,0.181,0.182,0.213
703492,"Morabito, Nick",Nick Morabito,NYM,46,41,8,6,2,0,0,16,3,2,4,34.8,6.5,0.195,0.283,0.244,0.32,0.04899999999999999,0.269,0.319,0.31,0.283
656582,"Joe, Connor",Connor Joe,SEA,45,39,7,4,2,0,1,15,6,0,3,33.3,13.3,0.179,0.289,0.308,0.261,0.129,0.257,0.397,0.337,0.289
695238,"Wagner, Will",Will Wagner,SD,45,35,9,8,1,0,0,7,10,0,0,15.6,22.2,0.257,0.422,0.286,0.321,0.02899999999999997,0.249,0.282,0.329,0.422
571912,"Maile, Luke",Luke Maile,KC,45,41,7,4,2,0,1,14,4,0,5,31.1,8.9,0.171,0.244,0.293,0.231,0.12199999999999997,0.141,0.218,0.202,0.244
506702,"León, Sandy",Sandy León,ATL,44,44,4,4,0,0,0,18,0,0,0,40.9,0.0,0.091,0.091,0.091,0.154,0.0,0.135,0.17,0.132,0.091
691907,"Cheng, Tsung-Che",Tsung-Che Cheng,BOS,44,39,10,9,1,0,0,14,4,0,5,31.8,9.1,0.256,0.318,0.282,0.385,0.025999999999999968,0.237,0.392,0.303,0.318
670224,"Misner, Kameron",Kameron Misner,KC,44,41,9,8,1,0,0,17,2,0,4,38.6,4.5,0.22,0.256,0.244,0.375,0.023999999999999994,0.185,0.242,0.209,0.256
691181,"Rodriguez, Emmanuel",Emmanuel Rodriguez,MIN,44,41,8,3,2,1,2,14,3,0,5,31.8,6.8,0.195,0.25,0.439,0.24,0.244,0.251,0.531,0.355,0.25
676551,"Hicklen, Brewer",Brewer Hicklen,ATL,43,35,9,4,5,0,0,16,8,0,3,37.2,18.6,0.257,0.395,0.4,0.474,0.14300000000000002,0.203,0.326,0.313,0.395
691002,"Morales, Yohandy",Yohandy Morales,WSH,43,43,12,4,4,0,4,12,0,0,10,27.9,0.0,0.279,0.279,0.651,0.296,0.372,0.281,0.535,0.345,0.279
695391,"Harris, Brett",Brett Harris,SF,42,35,6,4,2,0,0,14,3,3,2,33.3,7.1,0.171,0.293,0.229,0.286,0.057999999999999996,0.157,0.224,0.246,0.293
682988,"Locklear, Tyler",Tyler Locklear,ARI,42,36,10,6,3,0,1,9,4,1,6,21.4,9.5,0.278,0.357,0.444,0.333,0.16599999999999998,0.252,0.427,0.334,0.357
800543,"Paula, Josue De",Josue De Paula,LAD,42,31,10,5,3,1,1,5,11,0,7,11.9,26.2,0.323,0.5,0.581,0.36,0.25799999999999995,0.311,0.496,0.437,0.5
669384,"Delgado, Raynel",Raynel Delgado,HOU,41,37,9,7,1,0,1,7,3,0,4,17.1,7.3,0.243,0.3,0.351,0.276,0.10799999999999998,0.228,0.304,0.265,0.3
669398,"Workman, Gage",Gage Workman,SD,41,41,7,1,4,0,2,17,0,0,8,41.5,0.0,0.171,0.171,0.415,0.227,0.24399999999999997,0.222,0.489,0.299,0.171
700246,"Williams, Carson",Carson Williams,TB,40,37,4,2,1,0,1,13,2,0,6,32.5,5.0,0.108,0.154,0.216,0.13,0.108,0.166,0.28,0.217,0.154
678009,"Meadows, Parker",Parker Meadows,DET,39,36,9,7,1,1,0,10,2,1,2,25.6,5.1,0.25,0.308,0.333,0.346,0.08300000000000002,0.212,0.277,0.25,0.308
801501,"Furman, Nate",Nate Furman,SF,39,32,4,4,0,0,0,10,5,0,3,25.6,12.8,0.125,0.243,0.125,0.182,0.0,0.16,0.191,0.227,0.243
671655,"Valera, George",George Valera,CLE,38,37,8,5,3,0,0,8,1,0,6,21.1,2.6,0.216,0.237,0.297,0.276,0.08099999999999999,0.193,0.232,0.198,0.237
694025,"Reyes, Felix",Felix Reyes,PHI,38,38,6,4,1,0,1,9,0,0,2,23.7,0.0,0.158,0.158,0.263,0.179,0.10500000000000001,0.229,0.314,0.233,0.158
806956,"Salas, Ethan",Ethan Salas,SD,36,35,8,5,0,1,2,9,1,0,5,25.0,2.8,0.229,0.25,0.457,0.25,0.228,0.143,0.285,0.197,0.25
699115,"Jorge, Carlos",Carlos Jorge,CIN,36,34,5,3,0,1,1,11,2,0,1,30.6,5.6,0.147,0.194,0.294,0.182,0.147,0.202,0.276,0.238,0.194
678577,"Perez, Junior",Junior Perez,CWS,36,35,6,3,0,0,3,14,1,0,6,38.9,2.8,0.171,0.194,0.429,0.167,0.258,0.206,0.516,0.312,0.194
666464,"Encarnacion, Jerar",Jerar Encarnacion,SF,35,34,6,5,1,0,0,8,1,0,0,22.9,2.9,0.176,0.2,0.206,0.231,0.03,0.19,0.266,0.21,0.2
650391,"Jiménez, Eloy",Eloy Jiménez,TOR,35,31,9,9,0,0,0,7,3,0,3,20.0,8.6,0.29,0.343,0.29,0.36,0.0,0.214,0.289,0.256,0.343
680737,"Helman, Michael",Michael Helman,TEX,35,30,5,3,1,0,1,6,1,2,2,17.1,2.9,0.167,0.235,0.3,0.167,0.13299999999999998,0.147,0.208,0.2,0.235
693409,"Prieto, César",César Prieto,STL,35,34,2,2,0,0,0,4,1,0,0,11.4,2.9,0.059,0.086,0.059,0.067,0.0,0.239,0.352,0.266,0.086
677060,"Stevens, Chad",Chad Stevens,COL,34,28,1,1,0,0,0,13,5,0,3,38.2,14.7,0.036,0.176,0.036,0.062,0.0,0.117,0.186,0.21,0.176
669087,"Huff, Sam",Sam Huff,BAL,34,33,4,2,2,0,0,19,1,0,1,55.9,2.9,0.121,0.147,0.182,0.286,0.061,0.099,0.184,0.137,0.147
624512,"McGuire, Reese",Reese McGuire,CWS,34,29,5,5,0,0,0,9,2,2,3,26.5,5.9,0.172,0.273,0.172,0.25,0.0,0.186,0.215,0.242,0.273
695020,"Murray, Tanner",Tanner Murray,CWS,33,28,6,5,0,0,1,7,2,1,3,21.2,6.1,0.214,0.281,0.321,0.238,0.10700000000000001,0.191,0.39,0.275,0.281
664731,"Higgins, P.J.",P.J. Higgins,CIN,32,26,6,5,1,0,0,8,2,0,4,25.0,6.2,0.231,0.276,0.269,0.316,0.038000000000000006,0.276,0.326,0.287,0.276
703197,"Arroyo, Michael",Michael Arroyo,SEA,31,25,7,4,2,0,1,6,5,0,3,19.4,16.1,0.28,0.387,0.48,0.316,0.19999999999999996,0.24,0.384,0.346,0.387
691277,"Santos, Deyvison De Los",Deyvison De Los Santos,MIA,31,30,5,3,2,0,0,9,0,1,0,29.0,0.0,0.167,0.194,0.233,0.238,0.066,0.148,0.203,0.173,0.194
807747,"Nishida, Rikuu",Rikuu Nishida,CWS,30,29,7,7,0,0,0,5,0,0,2,16.7,0.0,0.241,0.241,0.241,0.292,0.0,0.258,0.306,0.247,0.241
670156,"Mastrobuoni, Miles",Miles Mastrobuoni,SEA,30,26,5,5,0,0,0,10,2,0,1,33.3,6.7,0.192,0.241,0.192,0.294,0.0,0.145,0.201,0.184,0.241
687605,"Pinckney, Andrew",Andrew Pinckney,WSH,29,25,7,5,0,1,1,10,1,1,3,34.5,3.4,0.28,0.31,0.48,0.375,0.19999999999999996,0.239,0.374,0.297,0.31
502054,"Pham, Tommy",Tommy Pham,CWS,29,24,3,2,0,0,1,10,5,0,3,34.5,17.2,0.125,0.276,0.25,0.154,0.125,0.22,0.36,0.325,0.276
682634,"Alcántara, Kevin",Kevin Alcántara,CHC,28,25,6,5,0,0,1,11,2,0,6,39.3,7.1,0.24,0.286,0.36,0.357,0.12,0.232,0.353,0.275,0.286
672613,"Alfonzo, Eliezer",Eliezer Alfonzo,LAD,28,28,5,3,2,0,0,3,0,0,4,10.7,0.0,0.179,0.179,0.25,0.2,0.07100000000000001,0.211,0.29,0.215,0.179
680718,"Barger, Addison",Addison Barger,TOR,28,22,1,0,1,0,0,7,5,0,2,25.0,17.9,0.045,0.214,0.091,0.062,0.046,0.131,0.185,0.255,0.214
666163,"Rortvedt, Ben",Ben Rortvedt,LAD,28,27,5,5,0,0,0,9,0,0,1,32.1,0.0,0.185,0.185,0.185,0.278,0.0,0.22,0.251,0.204,0.185
669911,"Toglia, Michael",Michael Toglia,CIN,28,26,3,1,2,0,0,12,2,0,1,42.9,7.1,0.115,0.179,0.192,0.214,0.077,0.183,0.251,0.222,0.179
672012,"Black, Tyler",Tyler Black,MIL,28,27,9,5,4,0,0,7,1,0,7,25.0,3.6,0.333,0.357,0.481,0.45,0.14799999999999996,0.17,0.229,0.191,0.357
805249,"Kemp, Otto",Otto Kemp,PHI,27,25,2,2,0,0,0,10,1,1,0,37.0,3.7,0.08,0.148,0.08,0.133,0.0,0.162,0.221,0.205,0.148
656413,"Fairchild, Stuart",Stuart Fairchild,SEA,27,19,3,3,0,0,0,14,7,1,1,51.9,25.9,0.158,0.407,0.158,0.6,0.0,0.089,0.151,0.28,0.407
683021,"Stefanic, Michael",Michael Stefanic,OAK,27,25,8,7,1,0,0,6,2,0,2,22.2,7.4,0.32,0.37,0.36,0.421,0.03999999999999998,0.282,0.352,0.307,0.37
642020,"Robinson, Chuckie",Chuckie Robinson,LAD,26,23,2,2,0,0,0,5,0,0,1,19.2,0.0,0.087,0.087,0.087,0.111,0.0,0.159,0.181,0.149,0.087
628451,"Ibáñez, Andy",Andy Ibáñez,NYM,26,23,2,2,0,0,0,3,1,0,5,11.5,3.8,0.087,0.115,0.087,0.091,0.0,0.152,0.205,0.164,0.115
467793,"Santana, Carlos",Carlos Santana,ARI,26,24,2,1,1,0,0,8,2,0,0,30.8,7.7,0.083,0.154,0.125,0.125,0.041999999999999996,0.142,0.192,0.187,0.154
692216,"Kayfus, CJ",CJ Kayfus,CLE,25,22,4,2,1,0,1,8,2,1,2,32.0,8.0,0.182,0.28,0.364,0.231,0.182,0.169,0.427,0.304,0.28
682729,"Clase, Jonatan",Jonatan Clase,TOR,25,22,6,4,0,0,2,8,3,0,6,32.0,12.0,0.273,0.36,0.545,0.333,0.272,0.171,0.267,0.247,0.36
663662,"Cameron, Daz",Daz Cameron,TOR,25,24,5,3,1,0,1,7,0,0,3,28.0,0.0,0.208,0.2,0.375,0.235,0.167,0.245,0.423,0.291,0.2
608841,"Meneses, Joey",Joey Meneses,OAK,25,20,3,3,0,0,0,4,3,1,2,16.0,12.0,0.15,0.28,0.15,0.176,0.0,0.269,0.314,0.327,0.28
675659,"Jones, Greg",Greg Jones,MIL,24,23,2,2,0,0,0,10,0,0,1,41.7,0.0,0.087,0.087,0.087,0.154,0.0,0.174,0.205,0.164,0.087
694876,"Ingle, Cooper",Cooper Ingle,CLE,24,21,2,2,0,0,0,12,3,0,2,50.0,12.5,0.095,0.208,0.095,0.222,0.0,0.106,0.127,0.175,0.208
686823,"Brennan, Will",Will Brennan,SF,23,23,2,2,0,0,0,3,0,0,0,13.0,0.0,0.087,0.087,0.087,0.1,0.0,0.174,0.238,0.178,0.087
814154,"Bandura, Scott",Scott Bandura,SF,22,21,4,3,1,0,0,12,1,0,0,54.5,4.5,0.19,0.227,0.238,0.444,0.04799999999999999,0.109,0.139,0.135,0.227
680716,"Ornelas, Jonathan",Jonathan Ornelas,MIL,22,21,4,4,0,0,0,11,1,0,1,50.0,4.5,0.19,0.227,0.19,0.4,0.0,0.155,0.198,0.178,0.227
663967,"Salazar, César",César Salazar,HOU,22,18,1,1,0,0,0,3,3,1,1,13.6,13.6,0.056,0.227,0.056,0.067,0.0,0.237,0.328,0.328,0.227
691858,"Serna, Jared",Jared Serna,MIA,22,20,4,2,2,0,0,7,1,0,2,31.8,4.5,0.2,0.227,0.3,0.286,0.09999999999999998,0.165,0.227,0.214,0.227
682641,"Matos, Luis",Luis Matos,MIL,21,20,4,4,0,0,0,7,1,0,0,33.3,4.8,0.2,0.238,0.2,0.308,0.0,0.099,0.136,0.13,0.238
805346,"Ross, Ben",Ben Ross,MIN,21,21,4,1,2,1,0,11,0,0,1,52.4,0.0,0.19,0.19,0.381,0.4,0.191,0.16,0.275,0.186,0.19
690022,"Ritter, Ryan",Ryan Ritter,COL,21,19,3,3,0,0,0,8,1,0,1,38.1,4.8,0.158,0.2,0.158,0.273,0.0,0.184,0.241,0.21,0.2
600869,"Candelario, Jeimer",Jeimer Candelario,LAA,20,18,2,0,2,0,0,8,1,1,0,40.0,5.0,0.111,0.2,0.222,0.2,0.111,0.167,0.213,0.218,0.2
605244,"Garcia, Aramis",Aramis Garcia,ARI,19,19,3,2,0,0,1,6,0,0,2,31.6,0.0,0.158,0.158,0.316,0.167,0.158,0.198,0.415,0.259,0.158
671155,"Johnson, Ivan",Ivan Johnson,CIN,19,16,1,1,0,0,0,7,3,0,0,36.8,15.8,0.063,0.211,0.063,0.111,0.0,0.134,0.184,0.226,0.211
693459,"Fedko, Kyler",Kyler Fedko,MIN,19,16,0,0,0,0,0,8,2,0,1,42.1,10.5,0.0,0.105,0.0,0.0,0.0,0.097,0.136,0.166,0.105
677008,"Kjerstad, Heston",Heston Kjerstad,BAL,19,19,4,3,1,0,0,9,0,0,2,47.4,0.0,0.211,0.211,0.263,0.4,0.05200000000000002,0.217,0.249,0.205,0.211
665828,"Cabrera, Oswaldo",Oswaldo Cabrera,CIN,18,16,1,0,1,0,0,8,0,0,0,44.4,0.0,0.063,0.063,0.125,0.125,0.062,0.122,0.14,0.113,0.063
677347,"Paris, Kyren",Kyren Paris,LAA,18,15,0,0,0,0,0,8,3,0,0,44.4,16.7,0.0,0.167,0.0,0.0,0.0,0.092,0.151,0.203,0.167
677943,"Banfield, Will",Will Banfield,CIN,18,17,3,2,1,0,0,5,0,0,1,27.8,0.0,0.176,0.167,0.235,0.231,0.059,0.176,0.224,0.176,0.167
640492,"Azócar, José",José Azócar,ATL,18,17,6,4,2,0,0,4,1,0,0,22.2,5.6,0.353,0.389,0.471,0.462,0.118,0.282,0.345,0.298,0.389
669288,"Johnson, Daniel",Daniel Johnson,HOU,17,14,2,2,0,0,0,3,2,1,0,17.6,11.8,0.143,0.294,0.143,0.182,0.0,0.28,0.32,0.341,0.294
663584,"Senger, Hayden",Hayden Senger,NYM,17,15,2,1,0,0,1,4,0,0,2,23.5,0.0,0.133,0.133,0.333,0.1,0.2,0.15,0.281,0.181,0.133
571657,"Farmer, Kyle",Kyle Farmer,ATL,17,16,4,3,1,0,0,4,0,0,3,23.5,0.0,0.25,0.235,0.313,0.308,0.063,0.25,0.288,0.227,0.235
664238,"Moore, Dylan",Dylan Moore,PHI,15,12,0,0,0,0,0,6,3,0,0,40.0,20.0,0.0,0.2,0.0,0.0,0.0,0.096,0.178,0.233,0.2
623205,"Velazquez, Andrew",Andrew Velazquez,KC,15,15,1,1,0,0,0,2,0,0,0,13.3,0.0,0.067,0.067,0.067,0.077,0.0,0.167,0.2,0.16,0.067
663624,"Mountcastle, Ryan",Ryan Mountcastle,BAL,15,14,4,3,1,0,0,2,1,0,1,13.3,6.7,0.286,0.333,0.357,0.333,0.07100000000000001,0.279,0.348,0.301,0.333
671286,"Rodríguez, Johnathan",Johnathan Rodríguez,BAL,15,11,2,1,1,0,0,6,3,0,2,40.0,20.0,0.182,0.333,0.273,0.333,0.09100000000000003,0.138,0.235,0.297,0.333
683090,"Lugo, Matthew",Matthew Lugo,KC,15,14,2,2,0,0,0,6,1,0,0,40.0,6.7,0.143,0.2,0.143,0.25,0.0,0.089,0.105,0.125,0.2
641820,"Mancini, Trey",Trey Mancini,LAA,14,13,4,3,0,1,0,3,0,0,4,21.4,0.0,0.308,0.286,0.462,0.364,0.15400000000000003,0.241,0.322,0.282,0.286
660644,"Bruján, Vidal",Vidal Bruján,NYM,13,11,1,1,0,0,0,1,1,0,1,7.7,7.7,0.091,0.167,0.091,0.1,0.0,0.164,0.231,0.213,0.167
805672,"Price, Collin",Collin Price,HOU,13,12,2,1,1,0,0,6,1,0,0,46.2,7.7,0.167,0.231,0.25,0.333,0.08299999999999999,0.259,0.361,0.302,0.231
686554,"Dunn, Oliver",Oliver Dunn,TB,12,11,1,1,0,0,0,3,1,0,1,25.0,8.3,0.091,0.167,0.091,0.125,0.0,0.174,0.192,0.207,0.167
672569,"Campero, Gustavo",Gustavo Campero,LAA,12,11,4,3,1,0,0,4,0,0,2,33.3,0.0,0.364,0.333,0.455,0.5,0.09100000000000003,0.197,0.242,0.18,0.333
694224,"Gonzalez, Gabriel",Gabriel Gonzalez,MIN,11,8,2,2,0,0,0,2,2,1,0,18.2,18.2,0.25,0.455,0.25,0.333,0.0,0.137,0.149,0.285,0.455
642133,"Tellez, Rowdy",Rowdy Tellez,ATL,11,10,2,1,0,0,1,3,1,0,4,27.3,9.1,0.2,0.273,0.5,0.167,0.3,0.339,0.828,0.506,0.273
681230,"Jr., BJ Murray",BJ Murray Jr.,CHC,11,11,1,1,0,0,0,4,0,0,0,36.4,0.0,0.091,0.091,0.091,0.143,0.0,0.069,0.136,0.086,0.091
815589,"Davidson, Bo",Bo Davidson,SF,11,10,3,3,0,0,0,2,1,0,0,18.2,9.1,0.3,0.364,0.3,0.375,0.0,0.361,0.454,0.387,0.364
700652,"Piper, Kenny",Kenny Piper,TB,11,9,2,1,0,0,1,3,2,0,2,27.3,18.2,0.222,0.364,0.556,0.2,0.3340000000000001,0.125,0.332,0.282,0.364
690291,"Jung, Jace",Jace Jung,DET,10,8,2,2,0,0,0,2,2,0,0,20.0,20.0,0.25,0.4,0.25,0.333,0.0,0.339,0.423,0.404,0.4
669256,"Solak, Nick",Nick Solak,SD,10,7,1,1,0,0,0,0,1,1,1,0.0,10.0,0.143,0.3,0.143,0.125,0.0,0.26,0.502,0.373,0.3
669208,"Bliss, Ryan",Ryan Bliss,SEA,10,8,1,1,0,0,0,3,1,0,1,30.0,10.0,0.125,0.2,0.125,0.167,0.0,0.203,0.295,0.27,0.2
681909,"Dean, Justin",Justin Dean,CHC,10,8,3,2,0,1,0,4,2,0,3,40.0,20.0,0.375,0.5,0.625,0.75,0.25,0.266,0.324,0.346,0.5
701649,"Triantos, James",James Triantos,CHC,9,8,1,1,0,0,0,2,1,0,0,22.2,11.1,0.125,0.222,0.125,0.167,0.0,0.098,0.116,0.159,0.222
665506,"Pache, Cristian",Cristian Pache,NYM,8,8,1,1,0,0,0,4,0,0,0,50.0,0.0,0.125,0.125,0.125,0.25,0.0,0.15,0.16,0.137,0.125
678760,"Leonard, Eddys",Eddys Leonard,SF,8,8,2,1,1,0,0,2,0,0,0,25.0,0.0,0.25,0.25,0.375,0.333,0.125,0.3,0.386,0.299,0.25
666931,"Oliva, Jared",Jared Oliva,SF,7,7,1,1,0,0,0,1,0,0,0,14.3,0.0,0.143,0.143,0.143,0.167,0.0,0.322,0.379,0.308,0.143
667452,"Julks, Corey",Corey Julks,DET,7,7,2,1,1,0,0,1,0,0,0,14.3,0.0,0.286,0.286,0.429,0.333,0.14300000000000002,0.172,0.27,0.188,0.286
672642,"Berroa, Steward",Steward Berroa,PHI,7,7,1,1,0,0,0,4,0,0,1,57.1,0.0,0.143,0.143,0.143,0.333,0.0,0.226,0.27,0.211,0.143
681146,"Bride, Jonah",Jonah Bride,TEX,6,5,1,1,0,0,0,2,1,0,0,33.3,16.7,0.2,0.333,0.2,0.333,0.0,0.109,0.213,0.229,0.333
682515,"Porter, Logan",Logan Porter,LAA,6,4,1,0,1,0,0,2,2,0,0,33.3,33.3,0.25,0.5,0.5,0.5,0.25,0.269,0.363,0.414,0.5
669717,"Wilson, Will",Will Wilson,SEA,6,5,1,0,0,0,1,1,1,0,2,16.7,16.7,0.2,0.333,0.8,0.0,0.6000000000000001,0.212,0.762,0.451,0.333
605353,"Machín, Vimael",Vimael Machín,COL,6,6,3,3,0,0,0,2,0,0,0,33.3,0.0,0.5,0.5,0.5,0.75,0.0,0.444,0.511,0.417,0.5
663609,"Baker, Luken",Luken Baker,ARI,5,5,1,1,0,0,0,3,0,0,0,60.0,0.0,0.2,0.2,0.2,0.5,0.0,0.132,0.15,0.123,0.2
669360,"Cruz, Trei",Trei Cruz,DET,5,5,0,0,0,0,0,3,0,0,0,60.0,0.0,0.0,0.0,0.0,0.0,0.0,0.096,0.127,0.097,0.0
693306,"Sabato, Aaron",Aaron Sabato,MIN,5,5,0,0,0,0,0,2,0,0,0,40.0,0.0,0.0,0.0,0.0,0.0,0.0,0.106,0.197,0.128,0.0
676566,"Ross, Shawn",Shawn Ross,PIT,5,5,1,0,0,0,1,2,0,0,2,40.0,0.0,0.2,0.2,0.8,0.0,0.6000000000000001,0.226,0.84,0.428,0.2
666185,"Carlson, Dylan",Dylan Carlson,CHC,4,4,0,0,0,0,0,2,0,0,0,50.0,0.0,0.0,0.0,0.0,0.0,0.0,0.067,0.096,0.07,0.0
678225,"Bae, Jihwan",Jihwan Bae,MIL,4,2,1,1,0,0,0,1,0,1,0,25.0,0.0,0.5,0.667,0.5,1.0,0.0,0.193,0.195,0.361,0.667
664068,"Kingery, Scott",Scott Kingery,CHC,4,4,1,1,0,0,0,0,0,0,0,0.0,0.0,0.25,0.25,0.25,0.25,0.0,0.166,0.19,0.156,0.25
673995,"Wendzel, Davis",Davis Wendzel,PIT,4,4,0,0,0,0,0,0,0,0,0,0.0,0.0,0.0,0.0,0.0,0.0,0.0,0.224,0.307,0.23,0.0
675448,"Hunt, Blake",Blake Hunt,SD,3,3,0,0,0,0,0,3,0,0,0,100.0,0.0,0.0,0.0,0.0,0.0,0.0,0.0,0.0,0.0,0.0
657675,"Jr., Rudy Martin",Rudy Martin Jr.,TOR,3,2,0,0,0,0,0,1,1,0,0,33.3,33.3,0.0,0.333,0.0,0.0,0.0,0.049,0.053,0.263,0.333
683079,"Martinez, Omar",Omar Martinez,LAA,3,3,1,1,0,0,0,1,0,0,0,33.3,0.0,0.333,0.333,0.333,0.5,0.0,0.116,0.136,0.111,0.333
665856,"Camargo, Jair",Jair Camargo,ATL,2,2,1,0,1,0,0,1,0,0,0,50.0,0.0,0.5,0.5,1.0,1.0,0.5,0.322,0.648,0.407,0.5
691620,"Quero, Jeferson",Jeferson Quero,MIL,2,1,0,0,0,0,0,0,1,0,0,0.0,50.0,0.0,0.5,0.0,0.0,0.0,0.306,0.355,0.495,0.5
676480,"Barrero, José",José Barrero,BAL,2,2,0,0,0,0,0,2,0,0,0,100.0,0.0,0.0,0.0,0.0,0.0,0.0,0.0,0.0,0.0,0.0
681190,"Vásquez, Randy",Randy Vásquez,SD,1,1,0,0,0,0,0,0,0,0,0,0.0,0.0,0.0,0.0,0.0,0.0,0.0,0.049,0.05,0.044,0.0
672279,"Siani, Michael",Michael Siani,BAL,1,1,0,0,0,0,0,0,0,0,0,0.0,0.0,0.0,0.0,0.0,0.0,0.0,0.302,0.353,0.292,0.0
680577,"Jr., DaShawn Keirsey",DaShawn Keirsey Jr.,ATL,1,1,1,1,0,0,0,0,0,0,0,0.0,0.0,1.0,1.0,1.0,1.0,0.0,0.983,1.111,0.917,1.0
571945,"Mikolas, Miles",Miles Mikolas,WSH,1,0,0,0,0,0,0,0,0,0,1,0.0,0.0,0.0,0.0,0.0,0.0,0.0,0.0,0.0,0.0,0.0
668974,"Handley, Maverick",Maverick Handley,BAL,1,1,0,0,0,0,0,1,0,0,0,100.0,0.0,0.0,0.0,0.0,0.0,0.0,0.0,0.0,0.0,0.0
687394,"Brannigan, Jack",Jack Brannigan,PIT,1,1,0,0,0,0,0,1,0,0,0,100.0,0.0,0.0,0.0,0.0,0.0,0.0,0.0,0.0,0.0,0.0
682989,"Mederos, Victor",Victor Mederos,ATL,1,1,1,1,0,0,0,0,0,0,2,0.0,0.0,1.0,1.0,1.0,1.0,0.0,0.583,0.664,0.543,1.0
663897,"Williams, Luke",Luke Williams,ATL,1,0,0,0,0,0,0,0,1,0,0,0.0,100.0,0.0,1.0,0.0,0.0,0.0,0.0,0.0,0.698,1.0
